t,x
0.000000000000000000e+00,4.380645209529668849e-01
1.000000000000000000e+00,4.381579846869018136e-01
2.000000000000000000e+00,4.380645209529668849e-01
3.000000000000000000e+00,4.382514484208366867e-01
4.000000000000000000e+00,4.384383758887065996e-01
5.000000000000000000e+00,4.389991582923160607e-01
6.000000000000000000e+00,4.391860857601859180e-01
7.000000000000000000e+00,4.389991582923160607e-01
8.000000000000000000e+00,4.389056945583811875e-01
9.000000000000000000e+00,4.385318396226414728e-01
1.000000000000000000e+01,4.386253033565764015e-01
1.100000000000000000e+01,4.386253033565764015e-01
1.200000000000000000e+01,4.383449121547716154e-01
1.300000000000000000e+01,4.385318396226414728e-01
1.400000000000000000e+01,4.388122308244462588e-01
1.500000000000000000e+01,4.389056945583811875e-01
1.600000000000000000e+01,4.388122308244462588e-01
1.700000000000000000e+01,4.387187670905112746e-01
1.800000000000000000e+01,4.387187670905112746e-01
1.900000000000000000e+01,4.388122308244462588e-01
2.000000000000000000e+01,4.388122308244462588e-01
2.100000000000000000e+01,4.388122308244462588e-01
2.200000000000000000e+01,4.389991582923160607e-01
2.300000000000000000e+01,4.392795494941208467e-01
2.400000000000000000e+01,4.392795494941208467e-01
2.500000000000000000e+01,4.393730132280557754e-01
2.600000000000000000e+01,4.393730132280557754e-01
2.700000000000000000e+01,4.390926220262509894e-01
2.800000000000000000e+01,4.388122308244462588e-01
2.900000000000000000e+01,4.385318396226414728e-01
3.000000000000000000e+01,4.384383758887065996e-01
3.100000000000000000e+01,4.383449121547716154e-01
3.200000000000000000e+01,4.384383758887065996e-01
3.300000000000000000e+01,4.382514484208366867e-01
3.400000000000000000e+01,4.385318396226414728e-01
3.500000000000000000e+01,4.380645209529668849e-01
3.600000000000000000e+01,4.380645209529668849e-01
3.700000000000000000e+01,4.381579846869018136e-01
3.800000000000000000e+01,4.383449121547716154e-01
3.900000000000000000e+01,4.382514484208366867e-01
4.000000000000000000e+01,4.384383758887065996e-01
4.100000000000000000e+01,4.383449121547716154e-01
4.200000000000000000e+01,4.383449121547716154e-01
4.300000000000000000e+01,4.382514484208366867e-01
4.400000000000000000e+01,4.382514484208366867e-01
4.500000000000000000e+01,4.381579846869018136e-01
4.600000000000000000e+01,4.381579846869018136e-01
4.700000000000000000e+01,4.381579846869018136e-01
4.800000000000000000e+01,4.383449121547716154e-01
4.900000000000000000e+01,4.385318396226414728e-01
5.000000000000000000e+01,4.382514484208366867e-01
5.100000000000000000e+01,4.380645209529668849e-01
5.200000000000000000e+01,4.380645209529668849e-01
5.300000000000000000e+01,4.380645209529668849e-01
5.400000000000000000e+01,4.377841297511620988e-01
5.500000000000000000e+01,4.375037385493573683e-01
5.600000000000000000e+01,4.375037385493573683e-01
5.700000000000000000e+01,4.375037385493573683e-01
5.800000000000000000e+01,4.375037385493573683e-01
5.900000000000000000e+01,4.374102748154224396e-01
6.000000000000000000e+01,4.377841297511620988e-01
6.100000000000000000e+01,4.377841297511620988e-01
6.200000000000000000e+01,4.378775934850970275e-01
6.300000000000000000e+01,4.378775934850970275e-01
6.400000000000000000e+01,4.379710572190320117e-01
6.500000000000000000e+01,4.378775934850970275e-01
6.600000000000000000e+01,4.377841297511620988e-01
6.700000000000000000e+01,4.374102748154224396e-01
6.800000000000000000e+01,4.373168110814875109e-01
6.900000000000000000e+01,4.374102748154224396e-01
7.000000000000000000e+01,4.372233473475526377e-01
7.100000000000000000e+01,4.370364198796827804e-01
7.200000000000000000e+01,4.372233473475526377e-01
7.300000000000000000e+01,4.373168110814875109e-01
7.400000000000000000e+01,4.373168110814875109e-01
7.500000000000000000e+01,4.375037385493573683e-01
7.600000000000000000e+01,4.375972022832922970e-01
7.700000000000000000e+01,4.375972022832922970e-01
7.800000000000000000e+01,4.375972022832922970e-01
7.900000000000000000e+01,4.375972022832922970e-01
8.000000000000000000e+01,4.375037385493573683e-01
8.100000000000000000e+01,4.375037385493573683e-01
8.200000000000000000e+01,4.375972022832922970e-01
8.300000000000000000e+01,4.373168110814875109e-01
8.400000000000000000e+01,4.375972022832922970e-01
8.500000000000000000e+01,4.377841297511620988e-01
8.600000000000000000e+01,4.375972022832922970e-01
8.700000000000000000e+01,4.374102748154224396e-01
8.800000000000000000e+01,4.373168110814875109e-01
8.900000000000000000e+01,4.372233473475526377e-01
9.000000000000000000e+01,4.373168110814875109e-01
9.100000000000000000e+01,4.374102748154224396e-01
9.200000000000000000e+01,4.372233473475526377e-01
9.300000000000000000e+01,4.374102748154224396e-01
9.400000000000000000e+01,4.373168110814875109e-01
9.500000000000000000e+01,4.373168110814875109e-01
9.600000000000000000e+01,4.374102748154224396e-01
9.700000000000000000e+01,4.375972022832922970e-01
9.800000000000000000e+01,4.375037385493573683e-01
9.900000000000000000e+01,4.375972022832922970e-01
1.000000000000000000e+02,4.377841297511620988e-01
1.010000000000000000e+02,4.378775934850970275e-01
1.020000000000000000e+02,4.380645209529668849e-01
1.030000000000000000e+02,4.376906660172272256e-01
1.040000000000000000e+02,4.375037385493573683e-01
1.050000000000000000e+02,4.374102748154224396e-01
1.060000000000000000e+02,4.373168110814875109e-01
1.070000000000000000e+02,4.373168110814875109e-01
1.080000000000000000e+02,4.374102748154224396e-01
1.090000000000000000e+02,4.374102748154224396e-01
1.100000000000000000e+02,4.373168110814875109e-01
1.110000000000000000e+02,4.374102748154224396e-01
1.120000000000000000e+02,4.375037385493573683e-01
1.130000000000000000e+02,4.372233473475526377e-01
1.140000000000000000e+02,4.368494924118129230e-01
1.150000000000000000e+02,4.372233473475526377e-01
1.160000000000000000e+02,4.375037385493573683e-01
1.170000000000000000e+02,4.377841297511620988e-01
1.180000000000000000e+02,4.377841297511620988e-01
1.190000000000000000e+02,4.377841297511620988e-01
1.200000000000000000e+02,4.375037385493573683e-01
1.210000000000000000e+02,4.371298836136176535e-01
1.220000000000000000e+02,4.371298836136176535e-01
1.230000000000000000e+02,4.371298836136176535e-01
1.240000000000000000e+02,4.368494924118129230e-01
1.250000000000000000e+02,4.366625649439430656e-01
1.260000000000000000e+02,4.365691012100081925e-01
1.270000000000000000e+02,4.366625649439430656e-01
1.280000000000000000e+02,4.366625649439430656e-01
1.290000000000000000e+02,4.370364198796827804e-01
1.300000000000000000e+02,4.374102748154224396e-01
1.310000000000000000e+02,4.375037385493573683e-01
1.320000000000000000e+02,4.376906660172272256e-01
1.330000000000000000e+02,4.376906660172272256e-01
1.340000000000000000e+02,4.376906660172272256e-01
1.350000000000000000e+02,4.378775934850970275e-01
1.360000000000000000e+02,4.377841297511620988e-01
1.370000000000000000e+02,4.375972022832922970e-01
1.380000000000000000e+02,4.378775934850970275e-01
1.390000000000000000e+02,4.375972022832922970e-01
1.400000000000000000e+02,4.375972022832922970e-01
1.410000000000000000e+02,4.375037385493573683e-01
1.420000000000000000e+02,4.375037385493573683e-01
1.430000000000000000e+02,4.375037385493573683e-01
1.440000000000000000e+02,4.375972022832922970e-01
1.450000000000000000e+02,4.376906660172272256e-01
1.460000000000000000e+02,4.378775934850970275e-01
1.470000000000000000e+02,4.378775934850970275e-01
1.480000000000000000e+02,4.378775934850970275e-01
1.490000000000000000e+02,4.381579846869018136e-01
1.500000000000000000e+02,4.382514484208366867e-01
1.510000000000000000e+02,4.382514484208366867e-01
1.520000000000000000e+02,4.383449121547716154e-01
1.530000000000000000e+02,4.383449121547716154e-01
1.540000000000000000e+02,4.383449121547716154e-01
1.550000000000000000e+02,4.382514484208366867e-01
1.560000000000000000e+02,4.382514484208366867e-01
1.570000000000000000e+02,4.384383758887065996e-01
1.580000000000000000e+02,4.383449121547716154e-01
1.590000000000000000e+02,4.385318396226414728e-01
1.600000000000000000e+02,4.386253033565764015e-01
1.610000000000000000e+02,4.383449121547716154e-01
1.620000000000000000e+02,4.382514484208366867e-01
1.630000000000000000e+02,4.382514484208366867e-01
1.640000000000000000e+02,4.382514484208366867e-01
1.650000000000000000e+02,4.382514484208366867e-01
1.660000000000000000e+02,4.382514484208366867e-01
1.670000000000000000e+02,4.382514484208366867e-01
1.680000000000000000e+02,4.382514484208366867e-01
1.690000000000000000e+02,4.381579846869018136e-01
1.700000000000000000e+02,4.385318396226414728e-01
1.710000000000000000e+02,4.389056945583811875e-01
1.720000000000000000e+02,4.386253033565764015e-01
1.730000000000000000e+02,4.384383758887065996e-01
1.740000000000000000e+02,4.386253033565764015e-01
1.750000000000000000e+02,4.383449121547716154e-01
1.760000000000000000e+02,4.382514484208366867e-01
1.770000000000000000e+02,4.382514484208366867e-01
1.780000000000000000e+02,4.381579846869018136e-01
1.790000000000000000e+02,4.378775934850970275e-01
1.800000000000000000e+02,4.380645209529668849e-01
1.810000000000000000e+02,4.376906660172272256e-01
1.820000000000000000e+02,4.380645209529668849e-01
1.830000000000000000e+02,4.382514484208366867e-01
1.840000000000000000e+02,4.383449121547716154e-01
1.850000000000000000e+02,4.383449121547716154e-01
1.860000000000000000e+02,4.386253033565764015e-01
1.870000000000000000e+02,4.387187670905112746e-01
1.880000000000000000e+02,4.387187670905112746e-01
1.890000000000000000e+02,4.387187670905112746e-01
1.900000000000000000e+02,4.387187670905112746e-01
1.910000000000000000e+02,4.388122308244462588e-01
1.920000000000000000e+02,4.389056945583811875e-01
1.930000000000000000e+02,4.389056945583811875e-01
1.940000000000000000e+02,4.389056945583811875e-01
1.950000000000000000e+02,4.385318396226414728e-01
1.960000000000000000e+02,4.384383758887065996e-01
1.970000000000000000e+02,4.383449121547716154e-01
1.980000000000000000e+02,4.378775934850970275e-01
1.990000000000000000e+02,4.379710572190320117e-01
2.000000000000000000e+02,4.379710572190320117e-01
2.010000000000000000e+02,4.379710572190320117e-01
2.020000000000000000e+02,4.379710572190320117e-01
2.030000000000000000e+02,4.383449121547716154e-01
2.040000000000000000e+02,4.386253033565764015e-01
2.050000000000000000e+02,4.387187670905112746e-01
2.060000000000000000e+02,4.387187670905112746e-01
2.070000000000000000e+02,4.384383758887065996e-01
2.080000000000000000e+02,4.384383758887065996e-01
2.090000000000000000e+02,4.380645209529668849e-01
2.100000000000000000e+02,4.380645209529668849e-01
2.110000000000000000e+02,4.380645209529668849e-01
2.120000000000000000e+02,4.379710572190320117e-01
2.130000000000000000e+02,4.379710572190320117e-01
2.140000000000000000e+02,4.379710572190320117e-01
2.150000000000000000e+02,4.377841297511620988e-01
2.160000000000000000e+02,4.380645209529668849e-01
2.170000000000000000e+02,4.378775934850970275e-01
2.180000000000000000e+02,4.378775934850970275e-01
2.190000000000000000e+02,4.377841297511620988e-01
2.200000000000000000e+02,4.364756374760732638e-01
2.210000000000000000e+02,4.350736814670494446e-01
2.220000000000000000e+02,4.319893782471971311e-01
2.230000000000000000e+02,4.302135673024336526e-01
2.240000000000000000e+02,4.267554091468416799e-01
2.250000000000000000e+02,4.226430048537052064e-01
2.260000000000000000e+02,4.170351808176100405e-01
2.270000000000000000e+02,4.128293127905386384e-01
2.280000000000000000e+02,4.063803151490292254e-01
2.290000000000000000e+02,4.009594185808039168e-01
2.300000000000000000e+02,3.937627110678151299e-01
2.310000000000000000e+02,3.883418144995898214e-01
2.320000000000000000e+02,3.850705838118676505e-01
2.330000000000000000e+02,3.770327026934645609e-01
2.340000000000000000e+02,3.689948215750615268e-01
2.350000000000000000e+02,3.640412436765107507e-01
2.360000000000000000e+02,3.604896217869838493e-01
2.370000000000000000e+02,3.515171033292315839e-01
2.380000000000000000e+02,3.489001187790538583e-01
2.390000000000000000e+02,3.461896704949411485e-01
2.400000000000000000e+02,3.425445848714793184e-01
2.410000000000000000e+02,3.392733541837571476e-01
2.420000000000000000e+02,3.346001674870112130e-01
2.430000000000000000e+02,3.282446335794366732e-01
2.440000000000000000e+02,3.208609985985780844e-01
2.450000000000000000e+02,3.177766953787257154e-01
2.460000000000000000e+02,3.122623350765654782e-01
2.470000000000000000e+02,3.061871923707957244e-01
2.480000000000000000e+02,2.980558475184577061e-01
2.490000000000000000e+02,2.945976893628657334e-01
2.500000000000000000e+02,2.887094741249657814e-01
2.510000000000000000e+02,2.859990258408531272e-01
2.520000000000000000e+02,2.846905335657642921e-01
2.530000000000000000e+02,2.835689687585452035e-01
2.540000000000000000e+02,2.836624324924801321e-01
2.550000000000000000e+02,2.835689687585452035e-01
2.560000000000000000e+02,2.830081863549357424e-01
2.570000000000000000e+02,2.824474039513261703e-01
2.580000000000000000e+02,2.820735490155865111e-01
2.590000000000000000e+02,2.820735490155865111e-01
2.600000000000000000e+02,2.820735490155865111e-01
2.610000000000000000e+02,2.820735490155865111e-01
2.620000000000000000e+02,2.823539402173912971e-01
2.630000000000000000e+02,2.826343314191960276e-01
2.640000000000000000e+02,2.841297511621547756e-01
2.650000000000000000e+02,2.850643885015039514e-01
2.660000000000000000e+02,2.852513159693737532e-01
2.670000000000000000e+02,2.860924895747880559e-01
2.680000000000000000e+02,2.866532719783975725e-01
2.690000000000000000e+02,2.870271269141372872e-01
2.700000000000000000e+02,2.874009818498769464e-01
2.710000000000000000e+02,2.874009818498769464e-01
2.720000000000000000e+02,2.874009818498769464e-01
2.730000000000000000e+02,2.873075181159419622e-01
2.740000000000000000e+02,2.872140543820070890e-01
2.750000000000000000e+02,2.873075181159419622e-01
2.760000000000000000e+02,2.871205906480721604e-01
2.770000000000000000e+02,2.870271269141372872e-01
2.780000000000000000e+02,2.867467357123325011e-01
2.790000000000000000e+02,2.867467357123325011e-01
2.800000000000000000e+02,2.866532719783975725e-01
2.810000000000000000e+02,2.863728807765927864e-01
2.820000000000000000e+02,2.861859533087229845e-01
2.830000000000000000e+02,2.862794170426579132e-01
2.840000000000000000e+02,2.861859533087229845e-01
2.850000000000000000e+02,2.861859533087229845e-01
2.860000000000000000e+02,2.863728807765927864e-01
2.870000000000000000e+02,2.862794170426579132e-01
2.880000000000000000e+02,2.864663445105277151e-01
2.890000000000000000e+02,2.864663445105277151e-01
2.900000000000000000e+02,2.865598082444626993e-01
2.910000000000000000e+02,2.866532719783975725e-01
2.920000000000000000e+02,2.870271269141372872e-01
2.930000000000000000e+02,2.870271269141372872e-01
2.940000000000000000e+02,2.868401994462673743e-01
2.950000000000000000e+02,2.868401994462673743e-01
2.960000000000000000e+02,2.868401994462673743e-01
2.970000000000000000e+02,2.868401994462673743e-01
2.980000000000000000e+02,2.869336631802023585e-01
2.990000000000000000e+02,2.868401994462673743e-01
3.000000000000000000e+02,2.870271269141372872e-01
3.010000000000000000e+02,2.871205906480721604e-01
3.020000000000000000e+02,2.872140543820070890e-01
3.030000000000000000e+02,2.872140543820070890e-01
3.040000000000000000e+02,2.874944455838118751e-01
3.050000000000000000e+02,2.876813730516816769e-01
3.060000000000000000e+02,2.880552279874213362e-01
3.070000000000000000e+02,2.885225466570959241e-01
3.080000000000000000e+02,2.881486917213563204e-01
3.090000000000000000e+02,2.880552279874213362e-01
3.100000000000000000e+02,2.881486917213563204e-01
3.110000000000000000e+02,2.881486917213563204e-01
3.120000000000000000e+02,2.882421554552911935e-01
3.130000000000000000e+02,2.883356191892261222e-01
3.140000000000000000e+02,2.883356191892261222e-01
3.150000000000000000e+02,2.883356191892261222e-01
3.160000000000000000e+02,2.883356191892261222e-01
3.170000000000000000e+02,2.883356191892261222e-01
3.180000000000000000e+02,2.883356191892261222e-01
3.190000000000000000e+02,2.884290829231610509e-01
3.200000000000000000e+02,2.883356191892261222e-01
3.210000000000000000e+02,2.886160103910309083e-01
3.220000000000000000e+02,2.887094741249657814e-01
3.230000000000000000e+02,2.887094741249657814e-01
3.240000000000000000e+02,2.887094741249657814e-01
3.250000000000000000e+02,2.887094741249657814e-01
3.260000000000000000e+02,2.887094741249657814e-01
3.270000000000000000e+02,2.885225466570959241e-01
3.280000000000000000e+02,2.884290829231610509e-01
3.290000000000000000e+02,2.886160103910309083e-01
3.300000000000000000e+02,2.887094741249657814e-01
3.310000000000000000e+02,2.887094741249657814e-01
3.320000000000000000e+02,2.888964015928356388e-01
3.330000000000000000e+02,2.889898653267705675e-01
3.340000000000000000e+02,2.888029378589007101e-01
3.350000000000000000e+02,2.890833290607054962e-01
3.360000000000000000e+02,2.888029378589007101e-01
3.370000000000000000e+02,2.890833290607054962e-01
3.380000000000000000e+02,2.894571839964451554e-01
3.390000000000000000e+02,2.892702565285752980e-01
3.400000000000000000e+02,2.891767927946403693e-01
3.410000000000000000e+02,2.892702565285752980e-01
3.420000000000000000e+02,2.890833290607054962e-01
3.430000000000000000e+02,2.890833290607054962e-01
3.440000000000000000e+02,2.887094741249657814e-01
3.450000000000000000e+02,2.888964015928356388e-01
3.460000000000000000e+02,2.886160103910309083e-01
3.470000000000000000e+02,2.888029378589007101e-01
3.480000000000000000e+02,2.888029378589007101e-01
3.490000000000000000e+02,2.889898653267705675e-01
3.500000000000000000e+02,2.890833290607054962e-01
3.510000000000000000e+02,2.890833290607054962e-01
3.520000000000000000e+02,2.890833290607054962e-01
3.530000000000000000e+02,2.891767927946403693e-01
3.540000000000000000e+02,2.891767927946403693e-01
3.550000000000000000e+02,2.894571839964451554e-01
3.560000000000000000e+02,2.898310389321848701e-01
3.570000000000000000e+02,2.895506477303800841e-01
3.580000000000000000e+02,2.895506477303800841e-01
3.590000000000000000e+02,2.894571839964451554e-01
3.600000000000000000e+02,2.893637202625102822e-01
3.610000000000000000e+02,2.893637202625102822e-01
3.620000000000000000e+02,2.892702565285752980e-01
3.630000000000000000e+02,2.891767927946403693e-01
3.640000000000000000e+02,2.891767927946403693e-01
3.650000000000000000e+02,2.891767927946403693e-01
3.660000000000000000e+02,2.891767927946403693e-01
3.670000000000000000e+02,2.892702565285752980e-01
3.680000000000000000e+02,2.892702565285752980e-01
3.690000000000000000e+02,2.895506477303800841e-01
3.700000000000000000e+02,2.893637202625102822e-01
3.710000000000000000e+02,2.896441114643149572e-01
3.720000000000000000e+02,2.897375751982498859e-01
3.730000000000000000e+02,2.898310389321848701e-01
3.740000000000000000e+02,2.898310389321848701e-01
3.750000000000000000e+02,2.897375751982498859e-01
3.760000000000000000e+02,2.897375751982498859e-01
3.770000000000000000e+02,2.898310389321848701e-01
3.780000000000000000e+02,2.897375751982498859e-01
3.790000000000000000e+02,2.896441114643149572e-01
3.800000000000000000e+02,2.895506477303800841e-01
3.810000000000000000e+02,2.900179664000546720e-01
3.820000000000000000e+02,2.900179664000546720e-01
3.830000000000000000e+02,2.902048938679245293e-01
3.840000000000000000e+02,2.902048938679245293e-01
3.850000000000000000e+02,2.901114301339895452e-01
3.860000000000000000e+02,2.901114301339895452e-01
3.870000000000000000e+02,2.901114301339895452e-01
3.880000000000000000e+02,2.901114301339895452e-01
3.890000000000000000e+02,2.901114301339895452e-01
3.900000000000000000e+02,2.900179664000546720e-01
3.910000000000000000e+02,2.898310389321848701e-01
3.920000000000000000e+02,2.899245026661197433e-01
3.930000000000000000e+02,2.898310389321848701e-01
3.940000000000000000e+02,2.899245026661197433e-01
3.950000000000000000e+02,2.900179664000546720e-01
3.960000000000000000e+02,2.898310389321848701e-01
3.970000000000000000e+02,2.898310389321848701e-01
3.980000000000000000e+02,2.898310389321848701e-01
3.990000000000000000e+02,2.898310389321848701e-01
4.000000000000000000e+02,2.897375751982498859e-01
4.010000000000000000e+02,2.897375751982498859e-01
4.020000000000000000e+02,2.896441114643149572e-01
4.030000000000000000e+02,2.897375751982498859e-01
4.040000000000000000e+02,2.898310389321848701e-01
4.050000000000000000e+02,2.899245026661197433e-01
4.060000000000000000e+02,2.899245026661197433e-01
4.070000000000000000e+02,2.900179664000546720e-01
4.080000000000000000e+02,2.899245026661197433e-01
4.090000000000000000e+02,2.902048938679245293e-01
4.100000000000000000e+02,2.901114301339895452e-01
4.110000000000000000e+02,2.900179664000546720e-01
4.120000000000000000e+02,2.900179664000546720e-01
4.130000000000000000e+02,2.900179664000546720e-01
4.140000000000000000e+02,2.902048938679245293e-01
4.150000000000000000e+02,2.902983576018594580e-01
4.160000000000000000e+02,2.902983576018594580e-01
4.170000000000000000e+02,2.902983576018594580e-01
4.180000000000000000e+02,2.902983576018594580e-01
4.190000000000000000e+02,2.901114301339895452e-01
4.200000000000000000e+02,2.899245026661197433e-01
4.210000000000000000e+02,2.901114301339895452e-01
4.220000000000000000e+02,2.899245026661197433e-01
4.230000000000000000e+02,2.898310389321848701e-01
4.240000000000000000e+02,2.895506477303800841e-01
4.250000000000000000e+02,2.894571839964451554e-01
4.260000000000000000e+02,2.895506477303800841e-01
4.270000000000000000e+02,2.895506477303800841e-01
4.280000000000000000e+02,2.896441114643149572e-01
4.290000000000000000e+02,2.895506477303800841e-01
4.300000000000000000e+02,2.896441114643149572e-01
4.310000000000000000e+02,2.897375751982498859e-01
4.320000000000000000e+02,2.897375751982498859e-01
4.330000000000000000e+02,2.899245026661197433e-01
4.340000000000000000e+02,2.897375751982498859e-01
4.350000000000000000e+02,2.895506477303800841e-01
4.360000000000000000e+02,2.895506477303800841e-01
4.370000000000000000e+02,2.895506477303800841e-01
4.380000000000000000e+02,2.896441114643149572e-01
4.390000000000000000e+02,2.896441114643149572e-01
4.400000000000000000e+02,2.899245026661197433e-01
4.410000000000000000e+02,2.896441114643149572e-01
4.420000000000000000e+02,2.897375751982498859e-01
4.430000000000000000e+02,2.897375751982498859e-01
4.440000000000000000e+02,2.901114301339895452e-01
4.450000000000000000e+02,2.901114301339895452e-01
4.460000000000000000e+02,2.899245026661197433e-01
4.470000000000000000e+02,2.900179664000546720e-01
4.480000000000000000e+02,2.901114301339895452e-01
4.490000000000000000e+02,2.901114301339895452e-01
4.500000000000000000e+02,2.900179664000546720e-01
4.510000000000000000e+02,2.899245026661197433e-01
4.520000000000000000e+02,2.897375751982498859e-01
4.530000000000000000e+02,2.896441114643149572e-01
4.540000000000000000e+02,2.898310389321848701e-01
4.550000000000000000e+02,2.895506477303800841e-01
4.560000000000000000e+02,2.894571839964451554e-01
4.570000000000000000e+02,2.893637202625102822e-01
4.580000000000000000e+02,2.891767927946403693e-01
4.590000000000000000e+02,2.891767927946403693e-01
4.600000000000000000e+02,2.891767927946403693e-01
4.610000000000000000e+02,2.891767927946403693e-01
4.620000000000000000e+02,2.891767927946403693e-01
4.630000000000000000e+02,2.894571839964451554e-01
4.640000000000000000e+02,2.895506477303800841e-01
4.650000000000000000e+02,2.895506477303800841e-01
4.660000000000000000e+02,2.894571839964451554e-01
4.670000000000000000e+02,2.893637202625102822e-01
4.680000000000000000e+02,2.893637202625102822e-01
4.690000000000000000e+02,2.895506477303800841e-01
4.700000000000000000e+02,2.891767927946403693e-01
4.710000000000000000e+02,2.887094741249657814e-01
4.720000000000000000e+02,2.888029378589007101e-01
4.730000000000000000e+02,2.887094741249657814e-01
4.740000000000000000e+02,2.888029378589007101e-01
4.750000000000000000e+02,2.883356191892261222e-01
4.760000000000000000e+02,2.878683005195515343e-01
4.770000000000000000e+02,2.877748367856166056e-01
4.780000000000000000e+02,2.877748367856166056e-01
4.790000000000000000e+02,2.877748367856166056e-01
4.800000000000000000e+02,2.875879093177467483e-01
4.810000000000000000e+02,2.874944455838118751e-01
4.820000000000000000e+02,2.873075181159419622e-01
4.830000000000000000e+02,2.874009818498769464e-01
4.840000000000000000e+02,2.873075181159419622e-01
4.850000000000000000e+02,2.873075181159419622e-01
4.860000000000000000e+02,2.869336631802023585e-01
4.870000000000000000e+02,2.867467357123325011e-01
4.880000000000000000e+02,2.868401994462673743e-01
4.890000000000000000e+02,2.867467357123325011e-01
4.900000000000000000e+02,2.868401994462673743e-01
4.910000000000000000e+02,2.867467357123325011e-01
4.920000000000000000e+02,2.869336631802023585e-01
4.930000000000000000e+02,2.872140543820070890e-01
4.940000000000000000e+02,2.872140543820070890e-01
4.950000000000000000e+02,2.868401994462673743e-01
4.960000000000000000e+02,2.864663445105277151e-01
4.970000000000000000e+02,2.859055621069181985e-01
4.980000000000000000e+02,2.860924895747880559e-01
4.990000000000000000e+02,2.856251709051134680e-01
5.000000000000000000e+02,2.850643885015039514e-01
5.010000000000000000e+02,2.848774610336340940e-01
5.020000000000000000e+02,2.847839972996991653e-01
5.030000000000000000e+02,2.811389116762373352e-01
5.040000000000000000e+02,2.799238831350833734e-01
5.050000000000000000e+02,2.777742172545802357e-01
5.060000000000000000e+02,2.771199711170357904e-01
5.070000000000000000e+02,2.764657249794914007e-01
5.080000000000000000e+02,2.761853337776866146e-01
5.090000000000000000e+02,2.760918700437516859e-01
5.100000000000000000e+02,2.761853337776866146e-01
5.110000000000000000e+02,2.754376239062072407e-01
5.120000000000000000e+02,2.758114788419469554e-01
5.130000000000000000e+02,2.759984063098167573e-01
5.140000000000000000e+02,2.761853337776866146e-01
5.150000000000000000e+02,2.752506964383374388e-01
5.160000000000000000e+02,2.742225953650532788e-01
5.170000000000000000e+02,2.751572327044024546e-01
5.180000000000000000e+02,2.761853337776866146e-01
5.190000000000000000e+02,2.784284633921246255e-01
5.200000000000000000e+02,2.797369556672135715e-01
5.210000000000000000e+02,2.810454479423024066e-01
5.220000000000000000e+02,2.794565644654087855e-01
5.230000000000000000e+02,2.790827095296691263e-01
5.240000000000000000e+02,2.793631007314738568e-01
5.250000000000000000e+02,2.803912018047579613e-01
5.260000000000000000e+02,2.812323754101722084e-01
5.270000000000000000e+02,2.113215024268526032e-01
5.280000000000000000e+02,2.113215024268526032e-01
5.290000000000000000e+02,2.113215024268526032e-01
5.300000000000000000e+02,2.113215024268526032e-01
5.930000000000000000e+02,6.198514834563849663e-01
5.940000000000000000e+02,6.206926570617993244e-01
5.950000000000000000e+02,6.216272944011485002e-01
5.960000000000000000e+02,6.220946130708230326e-01
5.970000000000000000e+02,6.226553954744326047e-01
6.040000000000000000e+02,5.936816379546075995e-01
6.050000000000000000e+02,5.914385083401694221e-01
6.060000000000000000e+02,5.922796819455837802e-01
6.070000000000000000e+02,5.930273918170630987e-01
6.080000000000000000e+02,5.970463323762645880e-01
6.090000000000000000e+02,5.992894619907027653e-01
6.100000000000000000e+02,6.013456641372709743e-01
6.110000000000000000e+02,6.058319233661471070e-01
6.120000000000000000e+02,6.102247188610883111e-01
6.130000000000000000e+02,6.194776285206452515e-01
6.140000000000000000e+02,6.287305381802023030e-01
6.150000000000000000e+02,6.391984763809132053e-01
6.160000000000000000e+02,6.424697070686353761e-01
6.170000000000000000e+02,6.575173682321574509e-01
6.180000000000000000e+02,6.577042957000273082e-01
6.190000000000000000e+02,6.577977594339621259e-01
6.200000000000000000e+02,6.578912231678971656e-01
6.210000000000000000e+02,6.578912231678971656e-01
6.270000000000000000e+02,9.892201599671862633e-01
6.280000000000000000e+02,9.892201599671862633e-01
6.290000000000000000e+02,9.892201599671862633e-01
6.440000000000000000e+02,6.612559175895542651e-01
6.450000000000000000e+02,6.604147439841400180e-01
6.460000000000000000e+02,6.606016714520097644e-01
6.470000000000000000e+02,6.607885989198796217e-01
6.480000000000000000e+02,6.613493813234891938e-01
6.490000000000000000e+02,6.617232362592287975e-01
6.500000000000000000e+02,6.620036274610335836e-01
6.510000000000000000e+02,6.665833504238446450e-01
6.520000000000000000e+02,6.665833504238446450e-01
6.530000000000000000e+02,6.665833504238446450e-01
6.540000000000000000e+02,6.665833504238446450e-01
6.550000000000000000e+02,6.665833504238446450e-01
6.590000000000000000e+02,6.554611660855892419e-01
6.600000000000000000e+02,6.554611660855892419e-01
6.610000000000000000e+02,6.554611660855892419e-01
6.650000000000000000e+02,6.606016714520097644e-01
6.660000000000000000e+02,6.542461375444352800e-01
6.670000000000000000e+02,6.489187047101447892e-01
6.680000000000000000e+02,6.466755750957068338e-01
6.690000000000000000e+02,6.456474740224226183e-01
6.700000000000000000e+02,6.447128366830734425e-01
6.710000000000000000e+02,6.449932278848783396e-01
6.720000000000000000e+02,6.448997641509432999e-01
6.730000000000000000e+02,6.448997641509432999e-01
6.740000000000000000e+02,6.448997641509432999e-01
6.750000000000000000e+02,6.448997641509432999e-01
6.760000000000000000e+02,6.448997641509432999e-01
6.770000000000000000e+02,6.449932278848783396e-01
6.780000000000000000e+02,6.452736190866830146e-01
6.790000000000000000e+02,6.455540102884878007e-01
6.800000000000000000e+02,6.454605465545528720e-01
6.810000000000000000e+02,6.453670828206179433e-01
6.820000000000000000e+02,6.454605465545528720e-01
6.830000000000000000e+02,6.452736190866830146e-01
6.840000000000000000e+02,6.451801553527480859e-01
6.850000000000000000e+02,6.448063004170083712e-01
6.860000000000000000e+02,6.448063004170083712e-01
6.870000000000000000e+02,6.448063004170083712e-01
6.880000000000000000e+02,6.447128366830734425e-01
6.890000000000000000e+02,6.445259092152036962e-01
6.900000000000000000e+02,6.442455180133989101e-01
6.910000000000000000e+02,6.441520542794640924e-01
6.920000000000000000e+02,6.441520542794640924e-01
6.930000000000000000e+02,6.434043444079846630e-01
6.940000000000000000e+02,6.434043444079846630e-01
6.950000000000000000e+02,6.434043444079846630e-01
6.960000000000000000e+02,6.433108806740497343e-01
6.970000000000000000e+02,6.433108806740497343e-01
6.980000000000000000e+02,6.430304894722449482e-01
6.990000000000000000e+02,6.433108806740497343e-01
7.000000000000000000e+02,6.433108806740497343e-01
7.010000000000000000e+02,6.432174169401148056e-01
7.020000000000000000e+02,6.429370257383100196e-01
7.030000000000000000e+02,6.430304894722449482e-01
7.040000000000000000e+02,6.425631708025704159e-01
7.050000000000000000e+02,6.427500982704402732e-01
7.060000000000000000e+02,6.422827796007656298e-01
7.070000000000000000e+02,6.422827796007656298e-01
7.080000000000000000e+02,6.424697070686353761e-01
7.090000000000000000e+02,6.420958521328957724e-01
7.100000000000000000e+02,6.418154609310910974e-01
7.110000000000000000e+02,6.418154609310910974e-01
7.120000000000000000e+02,6.418154609310910974e-01
7.130000000000000000e+02,6.417219971971561687e-01
7.140000000000000000e+02,6.417219971971561687e-01
7.150000000000000000e+02,6.415350697292862003e-01
7.160000000000000000e+02,6.414416059953512717e-01
7.170000000000000000e+02,6.414416059953512717e-01
7.180000000000000000e+02,6.413481422614164540e-01
7.190000000000000000e+02,6.413481422614164540e-01
7.200000000000000000e+02,6.413481422614164540e-01
7.210000000000000000e+02,6.413481422614164540e-01
7.220000000000000000e+02,6.411612147935465966e-01
7.230000000000000000e+02,6.412546785274815253e-01
7.240000000000000000e+02,6.412546785274815253e-01
7.250000000000000000e+02,6.412546785274815253e-01
7.260000000000000000e+02,6.412546785274815253e-01
7.270000000000000000e+02,6.413481422614164540e-01
7.280000000000000000e+02,6.414416059953512717e-01
7.290000000000000000e+02,6.414416059953512717e-01
7.300000000000000000e+02,6.415350697292862003e-01
7.310000000000000000e+02,6.412546785274815253e-01
7.320000000000000000e+02,6.413481422614164540e-01
7.330000000000000000e+02,6.411612147935465966e-01
7.340000000000000000e+02,6.411612147935465966e-01
7.350000000000000000e+02,6.410677510596116679e-01
7.360000000000000000e+02,6.409742873256767393e-01
7.370000000000000000e+02,6.408808235917418106e-01
7.380000000000000000e+02,6.409742873256767393e-01
7.390000000000000000e+02,6.409742873256767393e-01
7.400000000000000000e+02,6.416285334632211290e-01
7.410000000000000000e+02,6.416285334632211290e-01
7.420000000000000000e+02,6.416285334632211290e-01
7.430000000000000000e+02,6.417219971971561687e-01
7.440000000000000000e+02,6.418154609310910974e-01
7.450000000000000000e+02,6.419089246650259151e-01
7.460000000000000000e+02,6.419089246650259151e-01
7.470000000000000000e+02,6.420023883989608438e-01
7.480000000000000000e+02,6.423762433347004475e-01
7.490000000000000000e+02,6.420958521328957724e-01
7.500000000000000000e+02,6.418154609310910974e-01
7.510000000000000000e+02,6.419089246650259151e-01
7.520000000000000000e+02,6.420023883989608438e-01
7.530000000000000000e+02,6.421893158668307011e-01
7.540000000000000000e+02,6.421893158668307011e-01
7.550000000000000000e+02,6.426566345365053445e-01
7.560000000000000000e+02,6.426566345365053445e-01
7.570000000000000000e+02,6.424697070686353761e-01
7.580000000000000000e+02,6.423762433347004475e-01
7.590000000000000000e+02,6.426566345365053445e-01
7.600000000000000000e+02,6.425631708025704159e-01
7.610000000000000000e+02,6.424697070686353761e-01
7.620000000000000000e+02,6.424697070686353761e-01
7.630000000000000000e+02,6.425631708025704159e-01
7.640000000000000000e+02,6.426566345365053445e-01
7.650000000000000000e+02,6.423762433347004475e-01
7.660000000000000000e+02,6.424697070686353761e-01
7.670000000000000000e+02,6.423762433347004475e-01
7.680000000000000000e+02,6.422827796007656298e-01
7.690000000000000000e+02,6.425631708025704159e-01
7.700000000000000000e+02,6.424697070686353761e-01
7.710000000000000000e+02,6.423762433347004475e-01
7.720000000000000000e+02,6.422827796007656298e-01
7.730000000000000000e+02,6.424697070686353761e-01
7.740000000000000000e+02,6.425631708025704159e-01
7.750000000000000000e+02,6.424697070686353761e-01
7.760000000000000000e+02,6.425631708025704159e-01
7.770000000000000000e+02,6.424697070686353761e-01
7.780000000000000000e+02,6.422827796007656298e-01
7.790000000000000000e+02,6.423762433347004475e-01
7.800000000000000000e+02,6.422827796007656298e-01
7.810000000000000000e+02,6.420958521328957724e-01
7.820000000000000000e+02,6.420023883989608438e-01
7.830000000000000000e+02,6.418154609310910974e-01
7.840000000000000000e+02,6.420958521328957724e-01
7.850000000000000000e+02,6.420958521328957724e-01
7.860000000000000000e+02,6.420023883989608438e-01
7.870000000000000000e+02,6.417219971971561687e-01
7.880000000000000000e+02,6.411612147935465966e-01
7.890000000000000000e+02,6.411612147935465966e-01
7.900000000000000000e+02,6.412546785274815253e-01
7.910000000000000000e+02,6.412546785274815253e-01
7.920000000000000000e+02,6.411612147935465966e-01
7.930000000000000000e+02,6.408808235917418106e-01
7.940000000000000000e+02,6.413481422614164540e-01
7.950000000000000000e+02,6.418154609310910974e-01
7.960000000000000000e+02,6.420023883989608438e-01
7.970000000000000000e+02,6.414416059953512717e-01
7.980000000000000000e+02,6.409742873256767393e-01
7.990000000000000000e+02,6.399461862523926348e-01
8.000000000000000000e+02,6.361141731610610028e-01
8.010000000000000000e+02,6.341514347484276115e-01
8.020000000000000000e+02,6.293847843177466928e-01
8.030000000000000000e+02,6.170475714383374388e-01
8.040000000000000000e+02,6.065796332376264255e-01
8.050000000000000000e+02,5.950835939636314187e-01
8.060000000000000000e+02,5.848960469647250804e-01
8.070000000000000000e+02,5.725588340853158265e-01
8.080000000000000000e+02,5.602216212059064615e-01
8.090000000000000000e+02,5.488190456658463834e-01
8.100000000000000000e+02,5.339583119701940550e-01
8.110000000000000000e+02,5.210603166871752290e-01
8.120000000000000000e+02,5.034891347074104129e-01
8.130000000000000000e+02,4.918996316994803664e-01
8.140000000000000000e+02,4.802166649576154467e-01
8.150000000000000000e+02,4.679729158121410659e-01
8.160000000000000000e+02,4.575049776114301081e-01
8.170000000000000000e+02,4.500278788966365351e-01
8.180000000000000000e+02,4.418030703103636436e-01
8.190000000000000000e+02,4.371298836136176535e-01
8.200000000000000000e+02,4.262880904771670920e-01
8.210000000000000000e+02,4.170351808176100405e-01
8.220000000000000000e+02,4.081561260937927038e-01
8.230000000000000000e+02,4.032025481952419277e-01
8.240000000000000000e+02,3.966600868197975860e-01
8.250000000000000000e+02,3.883418144995898214e-01
8.260000000000000000e+02,3.800235421793820012e-01
8.270000000000000000e+02,3.721725885288487690e-01
8.280000000000000000e+02,3.662843732909488170e-01
8.290000000000000000e+02,3.616111865942028269e-01
8.300000000000000000e+02,3.591811295118949587e-01
8.310000000000000000e+02,3.535733054757998484e-01
8.320000000000000000e+02,3.475916265039649677e-01
8.330000000000000000e+02,3.447877144859173848e-01
8.340000000000000000e+02,3.428249760732841045e-01
8.350000000000000000e+02,3.431053672750888905e-01
8.360000000000000000e+02,3.393668179176920763e-01
8.370000000000000000e+02,3.390864267158873457e-01
8.380000000000000000e+02,3.389929629819523615e-01
8.390000000000000000e+02,3.387125717801476310e-01
8.400000000000000000e+02,3.388060355140825597e-01
8.410000000000000000e+02,3.394602816516270050e-01
8.420000000000000000e+02,3.399276003213015929e-01
8.430000000000000000e+02,3.385256443122777736e-01
8.440000000000000000e+02,3.391798904498222189e-01
8.450000000000000000e+02,3.392733541837571476e-01
8.460000000000000000e+02,3.394602816516270050e-01
8.470000000000000000e+02,3.399276003213015929e-01
8.480000000000000000e+02,3.404883827249111095e-01
8.490000000000000000e+02,3.401145277891713947e-01
8.500000000000000000e+02,3.393668179176920763e-01
8.510000000000000000e+02,3.386191080462127578e-01
8.520000000000000000e+02,3.381517893765381144e-01
8.530000000000000000e+02,3.376844707068635265e-01
8.540000000000000000e+02,3.374040795050587960e-01
8.550000000000000000e+02,3.370302245693191368e-01
8.560000000000000000e+02,3.367498333675143507e-01
8.570000000000000000e+02,3.367498333675143507e-01
8.580000000000000000e+02,3.365629058996444933e-01
8.590000000000000000e+02,3.362825146978397628e-01
8.600000000000000000e+02,3.361890509639048341e-01
8.610000000000000000e+02,3.361890509639048341e-01
8.620000000000000000e+02,3.361890509639048341e-01
8.630000000000000000e+02,3.362825146978397628e-01
8.640000000000000000e+02,3.370302245693191368e-01
8.650000000000000000e+02,3.372171520371889386e-01
8.660000000000000000e+02,3.374975432389937247e-01
8.670000000000000000e+02,3.381517893765381144e-01
8.680000000000000000e+02,3.387125717801476310e-01
8.690000000000000000e+02,3.396472091194968068e-01
8.700000000000000000e+02,3.394602816516270050e-01
8.710000000000000000e+02,3.393668179176920763e-01
8.720000000000000000e+02,3.394602816516270050e-01
8.730000000000000000e+02,3.397406728534317355e-01
8.740000000000000000e+02,3.398341365873667197e-01
8.750000000000000000e+02,3.399276003213015929e-01
8.760000000000000000e+02,3.400210640552365216e-01
8.770000000000000000e+02,3.400210640552365216e-01
8.780000000000000000e+02,3.397406728534317355e-01
8.790000000000000000e+02,3.399276003213015929e-01
8.800000000000000000e+02,3.398341365873667197e-01
8.810000000000000000e+02,3.399276003213015929e-01
8.820000000000000000e+02,3.400210640552365216e-01
8.830000000000000000e+02,3.396472091194968068e-01
8.840000000000000000e+02,3.397406728534317355e-01
8.850000000000000000e+02,3.398341365873667197e-01
8.860000000000000000e+02,3.400210640552365216e-01
8.870000000000000000e+02,3.398341365873667197e-01
8.880000000000000000e+02,3.396472091194968068e-01
8.890000000000000000e+02,3.396472091194968068e-01
8.900000000000000000e+02,3.393668179176920763e-01
8.910000000000000000e+02,3.391798904498222189e-01
8.920000000000000000e+02,3.391798904498222189e-01
8.930000000000000000e+02,3.390864267158873457e-01
8.940000000000000000e+02,3.388994992480174884e-01
8.950000000000000000e+02,3.388060355140825597e-01
8.960000000000000000e+02,3.387125717801476310e-01
8.970000000000000000e+02,3.388060355140825597e-01
8.980000000000000000e+02,3.385256443122777736e-01
8.990000000000000000e+02,3.383387168444079718e-01
9.000000000000000000e+02,3.375910069729285978e-01
9.010000000000000000e+02,3.373106157711238118e-01
9.020000000000000000e+02,3.375910069729285978e-01
9.030000000000000000e+02,3.375910069729285978e-01
9.040000000000000000e+02,3.376844707068635265e-01
9.050000000000000000e+02,3.376844707068635265e-01
9.060000000000000000e+02,3.374975432389937247e-01
9.070000000000000000e+02,3.378713981747333839e-01
9.080000000000000000e+02,3.377779344407983997e-01
9.090000000000000000e+02,3.376844707068635265e-01
9.100000000000000000e+02,3.377779344407983997e-01
9.110000000000000000e+02,3.375910069729285978e-01
9.120000000000000000e+02,3.373106157711238118e-01
9.130000000000000000e+02,3.373106157711238118e-01
9.140000000000000000e+02,3.372171520371889386e-01
9.150000000000000000e+02,3.373106157711238118e-01
9.160000000000000000e+02,3.374040795050587960e-01
9.170000000000000000e+02,3.373106157711238118e-01
9.180000000000000000e+02,3.372171520371889386e-01
9.190000000000000000e+02,3.375910069729285978e-01
9.200000000000000000e+02,3.379648619086683126e-01
9.210000000000000000e+02,3.379648619086683126e-01
9.220000000000000000e+02,3.378713981747333839e-01
9.230000000000000000e+02,3.379648619086683126e-01
9.240000000000000000e+02,3.381517893765381144e-01
9.250000000000000000e+02,3.383387168444079718e-01
9.260000000000000000e+02,3.381517893765381144e-01
9.270000000000000000e+02,3.384321805783429005e-01
9.280000000000000000e+02,3.387125717801476310e-01
9.290000000000000000e+02,3.388994992480174884e-01
9.300000000000000000e+02,3.389929629819523615e-01
9.310000000000000000e+02,3.390864267158873457e-01
9.320000000000000000e+02,3.391798904498222189e-01
9.330000000000000000e+02,3.389929629819523615e-01
9.340000000000000000e+02,3.390864267158873457e-01
9.350000000000000000e+02,3.389929629819523615e-01
9.360000000000000000e+02,3.390864267158873457e-01
9.370000000000000000e+02,3.390864267158873457e-01
9.380000000000000000e+02,3.389929629819523615e-01
9.390000000000000000e+02,3.387125717801476310e-01
9.400000000000000000e+02,3.385256443122777736e-01
9.410000000000000000e+02,3.385256443122777736e-01
9.420000000000000000e+02,3.391798904498222189e-01
9.430000000000000000e+02,3.392733541837571476e-01
9.440000000000000000e+02,3.394602816516270050e-01
9.450000000000000000e+02,3.394602816516270050e-01
9.460000000000000000e+02,3.396472091194968068e-01
9.470000000000000000e+02,3.398341365873667197e-01
9.480000000000000000e+02,3.400210640552365216e-01
9.490000000000000000e+02,3.399276003213015929e-01
9.500000000000000000e+02,3.397406728534317355e-01
9.510000000000000000e+02,3.397406728534317355e-01
9.520000000000000000e+02,3.396472091194968068e-01
9.530000000000000000e+02,3.399276003213015929e-01
9.540000000000000000e+02,3.399276003213015929e-01
9.550000000000000000e+02,3.400210640552365216e-01
9.560000000000000000e+02,3.398341365873667197e-01
9.570000000000000000e+02,3.395537453855619336e-01
9.580000000000000000e+02,3.395537453855619336e-01
9.590000000000000000e+02,3.395537453855619336e-01
9.600000000000000000e+02,3.397406728534317355e-01
9.610000000000000000e+02,3.401145277891713947e-01
9.620000000000000000e+02,3.400210640552365216e-01
9.630000000000000000e+02,3.399276003213015929e-01
9.640000000000000000e+02,3.397406728534317355e-01
9.650000000000000000e+02,3.400210640552365216e-01
9.660000000000000000e+02,3.399276003213015929e-01
9.670000000000000000e+02,3.401145277891713947e-01
9.680000000000000000e+02,3.403014552570413076e-01
9.690000000000000000e+02,3.403014552570413076e-01
9.700000000000000000e+02,3.402079915231063234e-01
9.710000000000000000e+02,3.393668179176920763e-01
9.720000000000000000e+02,3.391798904498222189e-01
9.730000000000000000e+02,3.392733541837571476e-01
9.740000000000000000e+02,3.392733541837571476e-01
9.750000000000000000e+02,3.392733541837571476e-01
9.760000000000000000e+02,3.391798904498222189e-01
9.770000000000000000e+02,3.389929629819523615e-01
9.780000000000000000e+02,3.389929629819523615e-01
9.790000000000000000e+02,3.388994992480174884e-01
9.800000000000000000e+02,3.381517893765381144e-01
9.810000000000000000e+02,3.383387168444079718e-01
9.820000000000000000e+02,3.385256443122777736e-01
9.830000000000000000e+02,3.387125717801476310e-01
9.840000000000000000e+02,3.386191080462127578e-01
9.850000000000000000e+02,3.386191080462127578e-01
9.860000000000000000e+02,3.388060355140825597e-01
9.870000000000000000e+02,3.386191080462127578e-01
9.880000000000000000e+02,3.384321805783429005e-01
9.890000000000000000e+02,3.385256443122777736e-01
9.900000000000000000e+02,3.387125717801476310e-01
9.910000000000000000e+02,3.381517893765381144e-01
9.920000000000000000e+02,3.383387168444079718e-01
9.930000000000000000e+02,3.382452531104730431e-01
9.940000000000000000e+02,3.382452531104730431e-01
9.950000000000000000e+02,3.383387168444079718e-01
9.960000000000000000e+02,3.378713981747333839e-01
9.970000000000000000e+02,3.381517893765381144e-01
9.980000000000000000e+02,3.380583256426031857e-01
9.990000000000000000e+02,3.382452531104730431e-01
1.000000000000000000e+03,3.382452531104730431e-01
1.001000000000000000e+03,3.381517893765381144e-01
1.002000000000000000e+03,3.382452531104730431e-01
1.003000000000000000e+03,3.382452531104730431e-01
1.004000000000000000e+03,3.380583256426031857e-01
1.005000000000000000e+03,3.380583256426031857e-01
1.006000000000000000e+03,3.378713981747333839e-01
1.007000000000000000e+03,3.378713981747333839e-01
1.008000000000000000e+03,3.377779344407983997e-01
1.009000000000000000e+03,3.376844707068635265e-01
1.010000000000000000e+03,3.375910069729285978e-01
1.011000000000000000e+03,3.378713981747333839e-01
1.012000000000000000e+03,3.380583256426031857e-01
1.013000000000000000e+03,3.379648619086683126e-01
1.014000000000000000e+03,3.380583256426031857e-01
1.015000000000000000e+03,3.378713981747333839e-01
1.016000000000000000e+03,3.379648619086683126e-01
1.017000000000000000e+03,3.378713981747333839e-01
1.018000000000000000e+03,3.380583256426031857e-01
1.019000000000000000e+03,3.382452531104730431e-01
1.020000000000000000e+03,3.381517893765381144e-01
1.021000000000000000e+03,3.382452531104730431e-01
1.022000000000000000e+03,3.379648619086683126e-01
1.023000000000000000e+03,3.379648619086683126e-01
1.024000000000000000e+03,3.378713981747333839e-01
1.025000000000000000e+03,3.380583256426031857e-01
1.026000000000000000e+03,3.380583256426031857e-01
1.027000000000000000e+03,3.381517893765381144e-01
1.028000000000000000e+03,3.382452531104730431e-01
1.029000000000000000e+03,3.380583256426031857e-01
1.030000000000000000e+03,3.381517893765381144e-01
1.031000000000000000e+03,3.381517893765381144e-01
1.032000000000000000e+03,3.381517893765381144e-01
1.033000000000000000e+03,3.381517893765381144e-01
1.034000000000000000e+03,3.380583256426031857e-01
1.035000000000000000e+03,3.379648619086683126e-01
1.036000000000000000e+03,3.378713981747333839e-01
1.037000000000000000e+03,3.377779344407983997e-01
1.038000000000000000e+03,3.378713981747333839e-01
1.039000000000000000e+03,3.379648619086683126e-01
1.040000000000000000e+03,3.382452531104730431e-01
1.041000000000000000e+03,3.380583256426031857e-01
1.042000000000000000e+03,3.382452531104730431e-01
1.043000000000000000e+03,3.381517893765381144e-01
1.044000000000000000e+03,3.381517893765381144e-01
1.045000000000000000e+03,3.381517893765381144e-01
1.046000000000000000e+03,3.380583256426031857e-01
1.047000000000000000e+03,3.385256443122777736e-01
1.048000000000000000e+03,3.385256443122777736e-01
1.049000000000000000e+03,3.385256443122777736e-01
1.050000000000000000e+03,3.386191080462127578e-01
1.051000000000000000e+03,3.384321805783429005e-01
1.052000000000000000e+03,3.383387168444079718e-01
1.053000000000000000e+03,3.381517893765381144e-01
1.054000000000000000e+03,3.380583256426031857e-01
1.055000000000000000e+03,3.383387168444079718e-01
1.056000000000000000e+03,3.384321805783429005e-01
1.057000000000000000e+03,3.384321805783429005e-01
1.058000000000000000e+03,3.385256443122777736e-01
1.059000000000000000e+03,3.387125717801476310e-01
1.060000000000000000e+03,3.388994992480174884e-01
1.061000000000000000e+03,3.388994992480174884e-01
1.062000000000000000e+03,3.387125717801476310e-01
1.063000000000000000e+03,3.386191080462127578e-01
1.064000000000000000e+03,3.386191080462127578e-01
1.065000000000000000e+03,3.387125717801476310e-01
1.066000000000000000e+03,3.387125717801476310e-01
1.067000000000000000e+03,3.387125717801476310e-01
1.068000000000000000e+03,3.386191080462127578e-01
1.069000000000000000e+03,3.388060355140825597e-01
1.070000000000000000e+03,3.387125717801476310e-01
1.071000000000000000e+03,3.386191080462127578e-01
1.072000000000000000e+03,3.386191080462127578e-01
1.073000000000000000e+03,3.385256443122777736e-01
1.074000000000000000e+03,3.385256443122777736e-01
1.075000000000000000e+03,3.385256443122777736e-01
1.076000000000000000e+03,3.387125717801476310e-01
1.077000000000000000e+03,3.388994992480174884e-01
1.078000000000000000e+03,3.391798904498222189e-01
1.079000000000000000e+03,3.393668179176920763e-01
1.080000000000000000e+03,3.396472091194968068e-01
1.081000000000000000e+03,3.397406728534317355e-01
1.082000000000000000e+03,3.398341365873667197e-01
1.083000000000000000e+03,3.398341365873667197e-01
1.084000000000000000e+03,3.396472091194968068e-01
1.085000000000000000e+03,3.394602816516270050e-01
1.086000000000000000e+03,3.395537453855619336e-01
1.087000000000000000e+03,3.396472091194968068e-01
1.088000000000000000e+03,3.396472091194968068e-01
1.089000000000000000e+03,3.396472091194968068e-01
1.090000000000000000e+03,3.395537453855619336e-01
1.091000000000000000e+03,3.397406728534317355e-01
1.092000000000000000e+03,3.399276003213015929e-01
1.093000000000000000e+03,3.399276003213015929e-01
1.094000000000000000e+03,3.396472091194968068e-01
1.095000000000000000e+03,3.394602816516270050e-01
1.096000000000000000e+03,3.385256443122777736e-01
1.097000000000000000e+03,3.374975432389937247e-01
1.098000000000000000e+03,3.364694421657095647e-01
1.099000000000000000e+03,3.356282685602953175e-01
1.100000000000000000e+03,3.339459213494667678e-01
1.101000000000000000e+03,3.312354730653540580e-01
1.102000000000000000e+03,3.270296050382827113e-01
1.103000000000000000e+03,3.235714468826906831e-01
1.104000000000000000e+03,3.210479260664478862e-01
1.105000000000000000e+03,3.182440140484003033e-01
1.106000000000000000e+03,3.153466382964177916e-01
1.107000000000000000e+03,3.153466382964177916e-01
1.108000000000000000e+03,3.156270294982225777e-01
1.109000000000000000e+03,3.156270294982225777e-01
1.110000000000000000e+03,3.157204932321575064e-01
1.111000000000000000e+03,3.160008844339622369e-01
1.112000000000000000e+03,3.171224492411812701e-01
1.113000000000000000e+03,3.182440140484003033e-01
1.114000000000000000e+03,3.217021722039923315e-01
1.115000000000000000e+03,3.222629546076018481e-01
1.116000000000000000e+03,3.235714468826906831e-01
1.117000000000000000e+03,3.259080402310636781e-01
1.118000000000000000e+03,3.263753589007382661e-01
1.119000000000000000e+03,3.273099962400874974e-01
1.120000000000000000e+03,3.272165325061525687e-01
1.121000000000000000e+03,3.274034599740224261e-01
1.122000000000000000e+03,3.274969237079572992e-01
1.123000000000000000e+03,3.273099962400874974e-01
1.124000000000000000e+03,3.272165325061525687e-01
1.125000000000000000e+03,3.270296050382827113e-01
1.126000000000000000e+03,3.268426775704128540e-01
1.127000000000000000e+03,3.263753589007382661e-01
1.128000000000000000e+03,3.263753589007382661e-01
1.129000000000000000e+03,3.262818951668033929e-01
1.130000000000000000e+03,3.260949676989335355e-01
1.131000000000000000e+03,3.260015039649986068e-01
1.132000000000000000e+03,3.259080402310636781e-01
1.133000000000000000e+03,3.259080402310636781e-01
1.134000000000000000e+03,3.262818951668033929e-01
1.135000000000000000e+03,3.260015039649986068e-01
1.136000000000000000e+03,3.260949676989335355e-01
1.137000000000000000e+03,3.259080402310636781e-01
1.138000000000000000e+03,3.257211127631938763e-01
1.139000000000000000e+03,3.257211127631938763e-01
1.140000000000000000e+03,3.257211127631938763e-01
1.141000000000000000e+03,3.258145764971288050e-01
1.142000000000000000e+03,3.260015039649986068e-01
1.143000000000000000e+03,3.259080402310636781e-01
1.144000000000000000e+03,3.259080402310636781e-01
1.145000000000000000e+03,3.262818951668033929e-01
1.146000000000000000e+03,3.263753589007382661e-01
1.147000000000000000e+03,3.264688226346731947e-01
1.148000000000000000e+03,3.263753589007382661e-01
1.149000000000000000e+03,3.262818951668033929e-01
1.150000000000000000e+03,3.261884314328684642e-01
1.151000000000000000e+03,3.261884314328684642e-01
1.152000000000000000e+03,3.261884314328684642e-01
1.153000000000000000e+03,3.262818951668033929e-01
1.154000000000000000e+03,3.263753589007382661e-01
1.155000000000000000e+03,3.263753589007382661e-01
1.156000000000000000e+03,3.262818951668033929e-01
1.157000000000000000e+03,3.265622863686081234e-01
1.158000000000000000e+03,3.268426775704128540e-01
1.159000000000000000e+03,3.265622863686081234e-01
1.160000000000000000e+03,3.263753589007382661e-01
1.161000000000000000e+03,3.268426775704128540e-01
1.162000000000000000e+03,3.273099962400874974e-01
1.163000000000000000e+03,3.273099962400874974e-01
1.164000000000000000e+03,3.273099962400874974e-01
1.165000000000000000e+03,3.274034599740224261e-01
1.166000000000000000e+03,3.273099962400874974e-01
1.167000000000000000e+03,3.273099962400874974e-01
1.168000000000000000e+03,3.273099962400874974e-01
1.169000000000000000e+03,3.274034599740224261e-01
1.170000000000000000e+03,3.270296050382827113e-01
1.171000000000000000e+03,3.270296050382827113e-01
1.172000000000000000e+03,3.270296050382827113e-01
1.173000000000000000e+03,3.270296050382827113e-01
1.174000000000000000e+03,3.273099962400874974e-01
1.175000000000000000e+03,3.275903874418922279e-01
1.176000000000000000e+03,3.275903874418922279e-01
1.177000000000000000e+03,3.276838511758271566e-01
1.178000000000000000e+03,3.279642423776318871e-01
1.179000000000000000e+03,3.278707786436970140e-01
1.180000000000000000e+03,3.278707786436970140e-01
1.181000000000000000e+03,3.278707786436970140e-01
1.182000000000000000e+03,3.279642423776318871e-01
1.183000000000000000e+03,3.279642423776318871e-01
1.184000000000000000e+03,3.279642423776318871e-01
1.185000000000000000e+03,3.278707786436970140e-01
1.186000000000000000e+03,3.281511698455018000e-01
1.187000000000000000e+03,3.279642423776318871e-01
1.188000000000000000e+03,3.279642423776318871e-01
1.189000000000000000e+03,3.277773149097620853e-01
1.190000000000000000e+03,3.277773149097620853e-01
1.191000000000000000e+03,3.280577061115668158e-01
1.192000000000000000e+03,3.281511698455018000e-01
1.193000000000000000e+03,3.281511698455018000e-01
1.194000000000000000e+03,3.282446335794366732e-01
1.195000000000000000e+03,3.283380973133716019e-01
1.196000000000000000e+03,3.282446335794366732e-01
1.197000000000000000e+03,3.283380973133716019e-01
1.198000000000000000e+03,3.284315610473064750e-01
1.199000000000000000e+03,3.284315610473064750e-01
1.200000000000000000e+03,3.285250247812414592e-01
1.201000000000000000e+03,3.285250247812414592e-01
1.202000000000000000e+03,3.284315610473064750e-01
1.203000000000000000e+03,3.287119522491112611e-01
1.204000000000000000e+03,3.287119522491112611e-01
1.205000000000000000e+03,3.288054159830461898e-01
1.206000000000000000e+03,3.286184885151763879e-01
1.207000000000000000e+03,3.284315610473064750e-01
1.208000000000000000e+03,3.282446335794366732e-01
1.209000000000000000e+03,3.279642423776318871e-01
1.210000000000000000e+03,3.280577061115668158e-01
1.211000000000000000e+03,3.279642423776318871e-01
1.212000000000000000e+03,3.279642423776318871e-01
1.213000000000000000e+03,3.277773149097620853e-01
1.214000000000000000e+03,3.276838511758271566e-01
1.215000000000000000e+03,3.277773149097620853e-01
1.216000000000000000e+03,3.275903874418922279e-01
1.217000000000000000e+03,3.279642423776318871e-01
1.218000000000000000e+03,3.279642423776318871e-01
1.219000000000000000e+03,3.279642423776318871e-01
1.220000000000000000e+03,3.279642423776318871e-01
1.221000000000000000e+03,3.274969237079572992e-01
1.222000000000000000e+03,3.274969237079572992e-01
1.223000000000000000e+03,3.271230687722176400e-01
1.224000000000000000e+03,3.275903874418922279e-01
1.225000000000000000e+03,3.280577061115668158e-01
1.226000000000000000e+03,3.281511698455018000e-01
1.227000000000000000e+03,3.277773149097620853e-01
1.228000000000000000e+03,3.277773149097620853e-01
1.229000000000000000e+03,3.278707786436970140e-01
1.230000000000000000e+03,3.280577061115668158e-01
1.231000000000000000e+03,3.280577061115668158e-01
1.232000000000000000e+03,3.280577061115668158e-01
1.233000000000000000e+03,3.283380973133716019e-01
1.234000000000000000e+03,3.283380973133716019e-01
1.235000000000000000e+03,3.283380973133716019e-01
1.236000000000000000e+03,3.280577061115668158e-01
1.237000000000000000e+03,3.276838511758271566e-01
1.238000000000000000e+03,3.277773149097620853e-01
1.239000000000000000e+03,3.276838511758271566e-01
1.240000000000000000e+03,3.276838511758271566e-01
1.241000000000000000e+03,3.276838511758271566e-01
1.242000000000000000e+03,3.277773149097620853e-01
1.243000000000000000e+03,3.277773149097620853e-01
1.244000000000000000e+03,3.276838511758271566e-01
1.245000000000000000e+03,3.276838511758271566e-01
1.246000000000000000e+03,3.276838511758271566e-01
1.247000000000000000e+03,3.277773149097620853e-01
1.248000000000000000e+03,3.276838511758271566e-01
1.249000000000000000e+03,3.280577061115668158e-01
1.250000000000000000e+03,3.279642423776318871e-01
1.251000000000000000e+03,3.284315610473064750e-01
1.252000000000000000e+03,3.288054159830461898e-01
1.253000000000000000e+03,3.288988797169810629e-01
1.254000000000000000e+03,3.289923434509160471e-01
1.255000000000000000e+03,3.288054159830461898e-01
1.256000000000000000e+03,3.287119522491112611e-01
1.257000000000000000e+03,3.286184885151763879e-01
1.258000000000000000e+03,3.287119522491112611e-01
1.259000000000000000e+03,3.287119522491112611e-01
1.260000000000000000e+03,3.288054159830461898e-01
1.261000000000000000e+03,3.295531258545255637e-01
1.262000000000000000e+03,3.298335170563302943e-01
1.263000000000000000e+03,3.299269807902652230e-01
1.264000000000000000e+03,3.300204445242001516e-01
1.265000000000000000e+03,3.297400533223954211e-01
1.266000000000000000e+03,3.297400533223954211e-01
1.267000000000000000e+03,3.297400533223954211e-01
1.268000000000000000e+03,3.293661983866557064e-01
1.269000000000000000e+03,3.291792709187858490e-01
1.270000000000000000e+03,3.290858071848509758e-01
1.271000000000000000e+03,3.289923434509160471e-01
1.272000000000000000e+03,3.289923434509160471e-01
1.273000000000000000e+03,3.283380973133716019e-01
1.274000000000000000e+03,3.284315610473064750e-01
1.275000000000000000e+03,3.283380973133716019e-01
1.276000000000000000e+03,3.285250247812414592e-01
1.277000000000000000e+03,3.286184885151763879e-01
1.278000000000000000e+03,3.288988797169810629e-01
1.279000000000000000e+03,3.286184885151763879e-01
1.280000000000000000e+03,3.283380973133716019e-01
1.281000000000000000e+03,3.285250247812414592e-01
1.282000000000000000e+03,3.282446335794366732e-01
1.283000000000000000e+03,3.282446335794366732e-01
1.284000000000000000e+03,3.282446335794366732e-01
1.285000000000000000e+03,3.283380973133716019e-01
1.286000000000000000e+03,3.282446335794366732e-01
1.287000000000000000e+03,3.281511698455018000e-01
1.288000000000000000e+03,3.278707786436970140e-01
1.289000000000000000e+03,3.277773149097620853e-01
1.290000000000000000e+03,3.279642423776318871e-01
1.291000000000000000e+03,3.278707786436970140e-01
1.292000000000000000e+03,3.276838511758271566e-01
1.293000000000000000e+03,3.274034599740224261e-01
1.294000000000000000e+03,3.273099962400874974e-01
1.295000000000000000e+03,3.274034599740224261e-01
1.296000000000000000e+03,3.271230687722176400e-01
1.297000000000000000e+03,3.267492138364779808e-01
1.298000000000000000e+03,3.269361413043478382e-01
1.299000000000000000e+03,3.267492138364779808e-01
1.300000000000000000e+03,3.272165325061525687e-01
1.301000000000000000e+03,3.271230687722176400e-01
1.302000000000000000e+03,3.271230687722176400e-01
1.303000000000000000e+03,3.268426775704128540e-01
1.304000000000000000e+03,3.268426775704128540e-01
1.305000000000000000e+03,3.269361413043478382e-01
1.306000000000000000e+03,3.269361413043478382e-01
1.307000000000000000e+03,3.269361413043478382e-01
1.308000000000000000e+03,3.272165325061525687e-01
1.309000000000000000e+03,3.273099962400874974e-01
1.310000000000000000e+03,3.273099962400874974e-01
1.311000000000000000e+03,3.272165325061525687e-01
1.312000000000000000e+03,3.272165325061525687e-01
1.313000000000000000e+03,3.271230687722176400e-01
1.314000000000000000e+03,3.272165325061525687e-01
1.315000000000000000e+03,3.269361413043478382e-01
1.316000000000000000e+03,3.267492138364779808e-01
1.317000000000000000e+03,3.274034599740224261e-01
1.318000000000000000e+03,3.271230687722176400e-01
1.319000000000000000e+03,3.272165325061525687e-01
1.320000000000000000e+03,3.274969237079572992e-01
1.321000000000000000e+03,3.274969237079572992e-01
1.322000000000000000e+03,3.274969237079572992e-01
1.323000000000000000e+03,3.272165325061525687e-01
1.324000000000000000e+03,3.271230687722176400e-01
1.325000000000000000e+03,3.270296050382827113e-01
1.326000000000000000e+03,3.267492138364779808e-01
1.327000000000000000e+03,3.263753589007382661e-01
1.328000000000000000e+03,3.263753589007382661e-01
1.329000000000000000e+03,3.264688226346731947e-01
1.330000000000000000e+03,3.264688226346731947e-01
1.331000000000000000e+03,3.262818951668033929e-01
1.332000000000000000e+03,3.260015039649986068e-01
1.333000000000000000e+03,3.261884314328684642e-01
1.334000000000000000e+03,3.260949676989335355e-01
1.335000000000000000e+03,3.260015039649986068e-01
1.336000000000000000e+03,3.260015039649986068e-01
1.337000000000000000e+03,3.260015039649986068e-01
1.338000000000000000e+03,3.260015039649986068e-01
1.339000000000000000e+03,3.259080402310636781e-01
1.340000000000000000e+03,3.260015039649986068e-01
1.341000000000000000e+03,3.260949676989335355e-01
1.342000000000000000e+03,3.260015039649986068e-01
1.343000000000000000e+03,3.260949676989335355e-01
1.344000000000000000e+03,3.261884314328684642e-01
1.345000000000000000e+03,3.260949676989335355e-01
1.346000000000000000e+03,3.260015039649986068e-01
1.347000000000000000e+03,3.260015039649986068e-01
1.348000000000000000e+03,3.259080402310636781e-01
1.349000000000000000e+03,3.258145764971288050e-01
1.350000000000000000e+03,3.258145764971288050e-01
1.351000000000000000e+03,3.257211127631938763e-01
1.352000000000000000e+03,3.256276490292588921e-01
1.353000000000000000e+03,3.256276490292588921e-01
1.354000000000000000e+03,3.255341852953240189e-01
1.355000000000000000e+03,3.254407215613890902e-01
1.356000000000000000e+03,3.254407215613890902e-01
1.357000000000000000e+03,3.255341852953240189e-01
1.358000000000000000e+03,3.254407215613890902e-01
1.359000000000000000e+03,3.254407215613890902e-01
1.360000000000000000e+03,3.254407215613890902e-01
1.361000000000000000e+03,3.253472578274542171e-01
1.362000000000000000e+03,3.252537940935192329e-01
1.363000000000000000e+03,3.252537940935192329e-01
1.364000000000000000e+03,3.253472578274542171e-01
1.365000000000000000e+03,3.255341852953240189e-01
1.366000000000000000e+03,3.255341852953240189e-01
1.367000000000000000e+03,3.257211127631938763e-01
1.368000000000000000e+03,3.258145764971288050e-01
1.369000000000000000e+03,3.255341852953240189e-01
1.370000000000000000e+03,3.257211127631938763e-01
1.371000000000000000e+03,3.256276490292588921e-01
1.372000000000000000e+03,3.256276490292588921e-01
1.373000000000000000e+03,3.253472578274542171e-01
1.374000000000000000e+03,3.239453018184303978e-01
1.375000000000000000e+03,3.228237370112113092e-01
1.376000000000000000e+03,3.225433458094066341e-01
1.377000000000000000e+03,3.215152447361224741e-01
1.378000000000000000e+03,3.207675348646431002e-01
1.379000000000000000e+03,3.206740711307082270e-01
1.380000000000000000e+03,3.203936799289034409e-01
1.381000000000000000e+03,3.203936799289034409e-01
1.382000000000000000e+03,3.202067524610336391e-01
1.383000000000000000e+03,3.198328975252939244e-01
1.384000000000000000e+03,3.196459700574241225e-01
1.385000000000000000e+03,3.189917239198796772e-01
1.386000000000000000e+03,3.184309415162701606e-01
1.387000000000000000e+03,3.178701591126606441e-01
1.388000000000000000e+03,3.173093767090511275e-01
1.389000000000000000e+03,3.171224492411812701e-01
1.390000000000000000e+03,3.169355217733114682e-01
1.391000000000000000e+03,3.167485943054415554e-01
1.392000000000000000e+03,3.159074207000273082e-01
1.393000000000000000e+03,3.150662470946130611e-01
1.394000000000000000e+03,3.148793196267432037e-01
1.395000000000000000e+03,3.146923921588733464e-01
1.396000000000000000e+03,3.145054646910035445e-01
1.397000000000000000e+03,3.144120009570686158e-01
1.398000000000000000e+03,3.147858558928082751e-01
1.399000000000000000e+03,3.145989284249384732e-01
1.400000000000000000e+03,3.145989284249384732e-01
1.401000000000000000e+03,3.146923921588733464e-01
1.402000000000000000e+03,3.147858558928082751e-01
1.403000000000000000e+03,3.149727833606781324e-01
1.404000000000000000e+03,3.154401020303527203e-01
1.405000000000000000e+03,3.154401020303527203e-01
1.406000000000000000e+03,3.155335657642876490e-01
1.407000000000000000e+03,3.155335657642876490e-01
1.408000000000000000e+03,3.155335657642876490e-01
1.409000000000000000e+03,3.154401020303527203e-01
1.410000000000000000e+03,3.156270294982225777e-01
1.411000000000000000e+03,3.157204932321575064e-01
1.412000000000000000e+03,3.151597108285479343e-01
1.413000000000000000e+03,3.150662470946130611e-01
1.414000000000000000e+03,3.150662470946130611e-01
1.415000000000000000e+03,3.151597108285479343e-01
1.416000000000000000e+03,3.149727833606781324e-01
1.417000000000000000e+03,3.151597108285479343e-01
1.418000000000000000e+03,3.151597108285479343e-01
1.419000000000000000e+03,3.151597108285479343e-01
1.420000000000000000e+03,3.152531745624829185e-01
1.421000000000000000e+03,3.152531745624829185e-01
1.422000000000000000e+03,3.152531745624829185e-01
1.423000000000000000e+03,3.153466382964177916e-01
1.424000000000000000e+03,3.155335657642876490e-01
1.425000000000000000e+03,3.155335657642876490e-01
1.426000000000000000e+03,3.155335657642876490e-01
1.427000000000000000e+03,3.157204932321575064e-01
1.428000000000000000e+03,3.157204932321575064e-01
1.429000000000000000e+03,3.155335657642876490e-01
1.430000000000000000e+03,3.153466382964177916e-01
1.431000000000000000e+03,3.152531745624829185e-01
1.432000000000000000e+03,3.150662470946130611e-01
1.433000000000000000e+03,3.151597108285479343e-01
1.434000000000000000e+03,3.151597108285479343e-01
1.435000000000000000e+03,3.153466382964177916e-01
1.436000000000000000e+03,3.151597108285479343e-01
1.437000000000000000e+03,3.150662470946130611e-01
1.438000000000000000e+03,3.147858558928082751e-01
1.439000000000000000e+03,3.147858558928082751e-01
1.440000000000000000e+03,3.146923921588733464e-01
1.441000000000000000e+03,3.146923921588733464e-01
1.442000000000000000e+03,3.145989284249384732e-01
1.443000000000000000e+03,3.145989284249384732e-01
1.444000000000000000e+03,3.145054646910035445e-01
1.445000000000000000e+03,3.141316097552638853e-01
1.446000000000000000e+03,3.143185372231336872e-01
1.447000000000000000e+03,3.143185372231336872e-01
1.448000000000000000e+03,3.142250734891987585e-01
1.449000000000000000e+03,3.140381460213289566e-01
1.450000000000000000e+03,3.139446822873939724e-01
1.451000000000000000e+03,3.139446822873939724e-01
1.452000000000000000e+03,3.139446822873939724e-01
1.453000000000000000e+03,3.137577548195241706e-01
1.454000000000000000e+03,3.139446822873939724e-01
1.455000000000000000e+03,3.133838998837845113e-01
1.456000000000000000e+03,3.129165812141099234e-01
1.457000000000000000e+03,3.131035086819797253e-01
1.458000000000000000e+03,3.129165812141099234e-01
1.459000000000000000e+03,3.127296537462400661e-01
1.460000000000000000e+03,3.125427262783702087e-01
1.461000000000000000e+03,3.125427262783702087e-01
1.462000000000000000e+03,3.125427262783702087e-01
1.463000000000000000e+03,3.123557988105003513e-01
1.464000000000000000e+03,3.127296537462400661e-01
1.465000000000000000e+03,3.131035086819797253e-01
1.466000000000000000e+03,3.130100449480447966e-01
1.467000000000000000e+03,3.131969724159147095e-01
1.468000000000000000e+03,3.131969724159147095e-01
1.469000000000000000e+03,3.130100449480447966e-01
1.470000000000000000e+03,3.127296537462400661e-01
1.471000000000000000e+03,3.121688713426305495e-01
1.472000000000000000e+03,3.123557988105003513e-01
1.473000000000000000e+03,3.119819438747607476e-01
1.474000000000000000e+03,3.122623350765654782e-01
1.475000000000000000e+03,3.125427262783702087e-01
1.476000000000000000e+03,3.126361900123051374e-01
1.477000000000000000e+03,3.126361900123051374e-01
1.478000000000000000e+03,3.129165812141099234e-01
1.479000000000000000e+03,3.127296537462400661e-01
1.480000000000000000e+03,3.130100449480447966e-01
1.481000000000000000e+03,3.127296537462400661e-01
1.482000000000000000e+03,3.127296537462400661e-01
1.483000000000000000e+03,3.128231174801749948e-01
1.484000000000000000e+03,3.131969724159147095e-01
1.485000000000000000e+03,3.131035086819797253e-01
1.486000000000000000e+03,3.133838998837845113e-01
1.487000000000000000e+03,3.131035086819797253e-01
1.488000000000000000e+03,3.134773636177193845e-01
1.489000000000000000e+03,3.131969724159147095e-01
1.490000000000000000e+03,3.129165812141099234e-01
1.491000000000000000e+03,3.127296537462400661e-01
1.492000000000000000e+03,3.126361900123051374e-01
1.493000000000000000e+03,3.130100449480447966e-01
1.494000000000000000e+03,3.125427262783702087e-01
1.495000000000000000e+03,3.124492625444353355e-01
1.496000000000000000e+03,3.126361900123051374e-01
1.497000000000000000e+03,3.126361900123051374e-01
1.498000000000000000e+03,3.127296537462400661e-01
1.499000000000000000e+03,3.127296537462400661e-01
1.500000000000000000e+03,3.127296537462400661e-01
1.501000000000000000e+03,3.130100449480447966e-01
1.502000000000000000e+03,3.130100449480447966e-01
1.503000000000000000e+03,3.130100449480447966e-01
1.504000000000000000e+03,3.129165812141099234e-01
1.505000000000000000e+03,3.129165812141099234e-01
1.506000000000000000e+03,3.130100449480447966e-01
1.507000000000000000e+03,3.131035086819797253e-01
1.508000000000000000e+03,3.130100449480447966e-01
1.509000000000000000e+03,3.129165812141099234e-01
1.510000000000000000e+03,3.130100449480447966e-01
1.511000000000000000e+03,3.129165812141099234e-01
1.512000000000000000e+03,3.131969724159147095e-01
1.513000000000000000e+03,3.131035086819797253e-01
1.514000000000000000e+03,3.132904361498495827e-01
1.515000000000000000e+03,3.129165812141099234e-01
1.516000000000000000e+03,3.127296537462400661e-01
1.517000000000000000e+03,3.126361900123051374e-01
1.518000000000000000e+03,3.125427262783702087e-01
1.519000000000000000e+03,3.128231174801749948e-01
1.520000000000000000e+03,3.127296537462400661e-01
1.521000000000000000e+03,3.126361900123051374e-01
1.522000000000000000e+03,3.121688713426305495e-01
1.523000000000000000e+03,3.121688713426305495e-01
1.524000000000000000e+03,3.123557988105003513e-01
1.525000000000000000e+03,3.125427262783702087e-01
1.526000000000000000e+03,3.128231174801749948e-01
1.527000000000000000e+03,3.130100449480447966e-01
1.528000000000000000e+03,3.127296537462400661e-01
1.529000000000000000e+03,3.125427262783702087e-01
1.530000000000000000e+03,3.129165812141099234e-01
1.531000000000000000e+03,3.129165812141099234e-01
1.532000000000000000e+03,3.128231174801749948e-01
1.533000000000000000e+03,3.127296537462400661e-01
1.534000000000000000e+03,3.126361900123051374e-01
1.535000000000000000e+03,3.126361900123051374e-01
1.536000000000000000e+03,3.122623350765654782e-01
1.537000000000000000e+03,3.121688713426305495e-01
1.538000000000000000e+03,3.122623350765654782e-01
1.539000000000000000e+03,3.122623350765654782e-01
1.540000000000000000e+03,3.121688713426305495e-01
1.541000000000000000e+03,3.121688713426305495e-01
1.542000000000000000e+03,3.120754076086956208e-01
1.543000000000000000e+03,3.123557988105003513e-01
1.544000000000000000e+03,3.123557988105003513e-01
1.545000000000000000e+03,3.122623350765654782e-01
1.546000000000000000e+03,3.120754076086956208e-01
1.547000000000000000e+03,3.118884801408257634e-01
1.548000000000000000e+03,3.117015526729559616e-01
1.549000000000000000e+03,3.112342340032813737e-01
1.550000000000000000e+03,3.114211614711511755e-01
1.551000000000000000e+03,3.115146252050861042e-01
1.552000000000000000e+03,3.116080889390210329e-01
1.553000000000000000e+03,3.113276977372163024e-01
1.554000000000000000e+03,3.114211614711511755e-01
1.555000000000000000e+03,3.115146252050861042e-01
1.556000000000000000e+03,3.117950164068908903e-01
1.557000000000000000e+03,3.118884801408257634e-01
1.558000000000000000e+03,3.120754076086956208e-01
1.559000000000000000e+03,3.120754076086956208e-01
1.560000000000000000e+03,3.120754076086956208e-01
1.561000000000000000e+03,3.120754076086956208e-01
1.562000000000000000e+03,3.118884801408257634e-01
1.563000000000000000e+03,3.117950164068908903e-01
1.564000000000000000e+03,3.117950164068908903e-01
1.565000000000000000e+03,3.112342340032813737e-01
1.566000000000000000e+03,3.110473065354115163e-01
1.567000000000000000e+03,3.108603790675417144e-01
1.568000000000000000e+03,3.110473065354115163e-01
1.569000000000000000e+03,3.111407702693463895e-01
1.570000000000000000e+03,3.111407702693463895e-01
1.571000000000000000e+03,3.107669153336067858e-01
1.572000000000000000e+03,3.110473065354115163e-01
1.573000000000000000e+03,3.106734515996718016e-01
1.574000000000000000e+03,3.106734515996718016e-01
1.575000000000000000e+03,3.103930603978671265e-01
1.576000000000000000e+03,3.104865241318019997e-01
1.577000000000000000e+03,3.105799878657369284e-01
1.578000000000000000e+03,3.107669153336067858e-01
1.579000000000000000e+03,3.106734515996718016e-01
1.580000000000000000e+03,3.105799878657369284e-01
1.581000000000000000e+03,3.103930603978671265e-01
1.582000000000000000e+03,3.102995966639321423e-01
1.583000000000000000e+03,3.100192054621274118e-01
1.584000000000000000e+03,3.096453505263877526e-01
1.585000000000000000e+03,3.099257417281924831e-01
1.586000000000000000e+03,3.099257417281924831e-01
1.587000000000000000e+03,3.098322779942575544e-01
1.588000000000000000e+03,3.098322779942575544e-01
1.589000000000000000e+03,3.097388142603226258e-01
1.590000000000000000e+03,3.100192054621274118e-01
1.591000000000000000e+03,3.101126691960623405e-01
1.592000000000000000e+03,3.100192054621274118e-01
1.593000000000000000e+03,3.100192054621274118e-01
1.594000000000000000e+03,3.102061329299972137e-01
1.595000000000000000e+03,3.102995966639321423e-01
1.596000000000000000e+03,3.102995966639321423e-01
1.597000000000000000e+03,3.101126691960623405e-01
1.598000000000000000e+03,3.099257417281924831e-01
1.599000000000000000e+03,3.096453505263877526e-01
1.600000000000000000e+03,3.096453505263877526e-01
1.601000000000000000e+03,3.096453505263877526e-01
1.602000000000000000e+03,3.098322779942575544e-01
1.603000000000000000e+03,3.099257417281924831e-01
1.604000000000000000e+03,3.102061329299972137e-01
1.605000000000000000e+03,3.100192054621274118e-01
1.606000000000000000e+03,3.098322779942575544e-01
1.607000000000000000e+03,3.099257417281924831e-01
1.608000000000000000e+03,3.096453505263877526e-01
1.609000000000000000e+03,3.097388142603226258e-01
1.610000000000000000e+03,3.097388142603226258e-01
1.611000000000000000e+03,3.099257417281924831e-01
1.612000000000000000e+03,3.098322779942575544e-01
1.613000000000000000e+03,3.101126691960623405e-01
1.614000000000000000e+03,3.102061329299972137e-01
1.615000000000000000e+03,3.102995966639321423e-01
1.616000000000000000e+03,3.102995966639321423e-01
1.617000000000000000e+03,3.103930603978671265e-01
1.618000000000000000e+03,3.103930603978671265e-01
1.619000000000000000e+03,3.103930603978671265e-01
1.620000000000000000e+03,3.103930603978671265e-01
1.621000000000000000e+03,3.103930603978671265e-01
1.622000000000000000e+03,3.105799878657369284e-01
1.623000000000000000e+03,3.103930603978671265e-01
1.624000000000000000e+03,3.101126691960623405e-01
1.625000000000000000e+03,3.101126691960623405e-01
1.626000000000000000e+03,3.098322779942575544e-01
1.627000000000000000e+03,3.096453505263877526e-01
1.628000000000000000e+03,3.095518867924528239e-01
1.629000000000000000e+03,3.094584230585178952e-01
1.630000000000000000e+03,3.092714955906480379e-01
1.631000000000000000e+03,3.091780318567131647e-01
1.632000000000000000e+03,3.092714955906480379e-01
1.633000000000000000e+03,3.095518867924528239e-01
1.634000000000000000e+03,3.097388142603226258e-01
1.635000000000000000e+03,3.097388142603226258e-01
1.636000000000000000e+03,3.098322779942575544e-01
1.637000000000000000e+03,3.098322779942575544e-01
1.638000000000000000e+03,3.097388142603226258e-01
1.639000000000000000e+03,3.096453505263877526e-01
1.640000000000000000e+03,3.091780318567131647e-01
1.641000000000000000e+03,3.090845681227781805e-01
1.642000000000000000e+03,3.090845681227781805e-01
1.643000000000000000e+03,3.093649593245829665e-01
1.644000000000000000e+03,3.093649593245829665e-01
1.645000000000000000e+03,3.094584230585178952e-01
1.646000000000000000e+03,3.095518867924528239e-01
1.647000000000000000e+03,3.092714955906480379e-01
1.648000000000000000e+03,3.092714955906480379e-01
1.649000000000000000e+03,3.090845681227781805e-01
1.650000000000000000e+03,3.088976406549083786e-01
1.651000000000000000e+03,3.089911043888433073e-01
1.652000000000000000e+03,3.090845681227781805e-01
1.653000000000000000e+03,3.092714955906480379e-01
1.654000000000000000e+03,3.088976406549083786e-01
1.655000000000000000e+03,3.091780318567131647e-01
1.656000000000000000e+03,3.090845681227781805e-01
1.657000000000000000e+03,3.091780318567131647e-01
1.658000000000000000e+03,3.088041769209734499e-01
1.659000000000000000e+03,3.085237857191687194e-01
1.660000000000000000e+03,3.078695395816242186e-01
1.661000000000000000e+03,3.082433945173639334e-01
1.662000000000000000e+03,3.082433945173639334e-01
1.663000000000000000e+03,3.082433945173639334e-01
1.664000000000000000e+03,3.084303219852337907e-01
1.665000000000000000e+03,3.085237857191687194e-01
1.666000000000000000e+03,3.084303219852337907e-01
1.667000000000000000e+03,3.084303219852337907e-01
1.668000000000000000e+03,3.085237857191687194e-01
1.669000000000000000e+03,3.085237857191687194e-01
1.670000000000000000e+03,3.084303219852337907e-01
1.671000000000000000e+03,3.081499307834290047e-01
1.672000000000000000e+03,3.081499307834290047e-01
1.673000000000000000e+03,3.082433945173639334e-01
1.674000000000000000e+03,3.080564670494941315e-01
1.675000000000000000e+03,3.080564670494941315e-01
1.676000000000000000e+03,3.079630033155592028e-01
1.677000000000000000e+03,3.078695395816242186e-01
1.678000000000000000e+03,3.073087571780147575e-01
1.679000000000000000e+03,3.076826121137544168e-01
1.680000000000000000e+03,3.076826121137544168e-01
1.681000000000000000e+03,3.077760758476893455e-01
1.682000000000000000e+03,3.078695395816242186e-01
1.683000000000000000e+03,3.078695395816242186e-01
1.684000000000000000e+03,3.078695395816242186e-01
1.685000000000000000e+03,3.077760758476893455e-01
1.686000000000000000e+03,3.078695395816242186e-01
1.687000000000000000e+03,3.080564670494941315e-01
1.688000000000000000e+03,3.082433945173639334e-01
1.689000000000000000e+03,3.082433945173639334e-01
1.690000000000000000e+03,3.077760758476893455e-01
1.691000000000000000e+03,3.073087571780147575e-01
1.692000000000000000e+03,3.074022209119496307e-01
1.693000000000000000e+03,3.072152934440798289e-01
1.694000000000000000e+03,3.070283659762099715e-01
1.695000000000000000e+03,3.070283659762099715e-01
1.696000000000000000e+03,3.070283659762099715e-01
1.697000000000000000e+03,3.070283659762099715e-01
1.698000000000000000e+03,3.069349022422750428e-01
1.699000000000000000e+03,3.071218297101449557e-01
1.700000000000000000e+03,3.073087571780147575e-01
1.701000000000000000e+03,3.072152934440798289e-01
1.702000000000000000e+03,3.071218297101449557e-01
1.703000000000000000e+03,3.070283659762099715e-01
1.704000000000000000e+03,3.071218297101449557e-01
1.705000000000000000e+03,3.070283659762099715e-01
1.706000000000000000e+03,3.069349022422750428e-01
1.707000000000000000e+03,3.071218297101449557e-01
1.708000000000000000e+03,3.072152934440798289e-01
1.709000000000000000e+03,3.073087571780147575e-01
1.710000000000000000e+03,3.070283659762099715e-01
1.711000000000000000e+03,3.070283659762099715e-01
1.712000000000000000e+03,3.069349022422750428e-01
1.713000000000000000e+03,3.069349022422750428e-01
1.714000000000000000e+03,3.070283659762099715e-01
1.715000000000000000e+03,3.068414385083401696e-01
1.716000000000000000e+03,3.072152934440798289e-01
1.717000000000000000e+03,3.070283659762099715e-01
1.718000000000000000e+03,3.068414385083401696e-01
1.719000000000000000e+03,3.061871923707957244e-01
1.720000000000000000e+03,3.060937286368607957e-01
1.721000000000000000e+03,3.060002649029258670e-01
1.722000000000000000e+03,3.063741198386655817e-01
1.723000000000000000e+03,3.064675835726004549e-01
1.724000000000000000e+03,3.064675835726004549e-01
1.725000000000000000e+03,3.067479747744052410e-01
1.726000000000000000e+03,3.066545110404703123e-01
1.727000000000000000e+03,3.065610473065353836e-01
1.728000000000000000e+03,3.063741198386655817e-01
1.729000000000000000e+03,3.065610473065353836e-01
1.730000000000000000e+03,3.067479747744052410e-01
1.731000000000000000e+03,3.061871923707957244e-01
1.732000000000000000e+03,3.063741198386655817e-01
1.733000000000000000e+03,3.063741198386655817e-01
1.734000000000000000e+03,3.063741198386655817e-01
1.735000000000000000e+03,3.064675835726004549e-01
1.736000000000000000e+03,3.062806561047305975e-01
1.737000000000000000e+03,3.063741198386655817e-01
1.738000000000000000e+03,3.060937286368607957e-01
1.739000000000000000e+03,3.061871923707957244e-01
1.740000000000000000e+03,3.059068011689909938e-01
1.741000000000000000e+03,3.060002649029258670e-01
1.742000000000000000e+03,3.056264099671862078e-01
1.743000000000000000e+03,3.054394824993163504e-01
1.744000000000000000e+03,3.057198737011211365e-01
1.745000000000000000e+03,3.058133374350560096e-01
1.746000000000000000e+03,3.059068011689909938e-01
1.747000000000000000e+03,3.057198737011211365e-01
1.748000000000000000e+03,3.056264099671862078e-01
1.749000000000000000e+03,3.055329462332512791e-01
1.750000000000000000e+03,3.054394824993163504e-01
1.751000000000000000e+03,3.054394824993163504e-01
1.752000000000000000e+03,3.054394824993163504e-01
1.753000000000000000e+03,3.053460187653814217e-01
1.754000000000000000e+03,3.054394824993163504e-01
1.755000000000000000e+03,3.055329462332512791e-01
1.756000000000000000e+03,3.055329462332512791e-01
1.757000000000000000e+03,3.053460187653814217e-01
1.758000000000000000e+03,3.052525550314465486e-01
1.759000000000000000e+03,3.052525550314465486e-01
1.760000000000000000e+03,3.051590912975116199e-01
1.761000000000000000e+03,3.055329462332512791e-01
1.762000000000000000e+03,3.052525550314465486e-01
1.763000000000000000e+03,3.049721638296417625e-01
1.764000000000000000e+03,3.047852363617719607e-01
1.765000000000000000e+03,3.045048451599671746e-01
1.766000000000000000e+03,3.044113814260322459e-01
1.767000000000000000e+03,3.043179176920973728e-01
1.768000000000000000e+03,3.045048451599671746e-01
1.769000000000000000e+03,3.044113814260322459e-01
1.770000000000000000e+03,3.047852363617719607e-01
1.771000000000000000e+03,3.048787000957068338e-01
1.772000000000000000e+03,3.049721638296417625e-01
1.773000000000000000e+03,3.049721638296417625e-01
1.774000000000000000e+03,3.049721638296417625e-01
1.775000000000000000e+03,3.047852363617719607e-01
1.776000000000000000e+03,3.048787000957068338e-01
1.777000000000000000e+03,3.047852363617719607e-01
1.778000000000000000e+03,3.047852363617719607e-01
1.779000000000000000e+03,3.046917726278370320e-01
1.780000000000000000e+03,3.046917726278370320e-01
1.781000000000000000e+03,3.048787000957068338e-01
1.782000000000000000e+03,3.045983088939020478e-01
1.783000000000000000e+03,3.046917726278370320e-01
1.784000000000000000e+03,3.045983088939020478e-01
1.785000000000000000e+03,3.046917726278370320e-01
1.786000000000000000e+03,3.046917726278370320e-01
1.787000000000000000e+03,3.047852363617719607e-01
1.788000000000000000e+03,3.045983088939020478e-01
1.789000000000000000e+03,3.045048451599671746e-01
1.790000000000000000e+03,3.044113814260322459e-01
1.791000000000000000e+03,3.042244539581623886e-01
1.792000000000000000e+03,3.041309902242274599e-01
1.793000000000000000e+03,3.041309902242274599e-01
1.794000000000000000e+03,3.040375264902925867e-01
1.795000000000000000e+03,3.040375264902925867e-01
1.796000000000000000e+03,3.037571352884878007e-01
1.797000000000000000e+03,3.038505990224227293e-01
1.798000000000000000e+03,3.038505990224227293e-01
1.799000000000000000e+03,3.038505990224227293e-01
1.800000000000000000e+03,3.040375264902925867e-01
1.801000000000000000e+03,3.038505990224227293e-01
1.802000000000000000e+03,3.040375264902925867e-01
1.803000000000000000e+03,3.042244539581623886e-01
1.804000000000000000e+03,3.042244539581623886e-01
1.805000000000000000e+03,3.041309902242274599e-01
1.806000000000000000e+03,3.038505990224227293e-01
1.807000000000000000e+03,3.042244539581623886e-01
1.808000000000000000e+03,3.042244539581623886e-01
1.809000000000000000e+03,3.041309902242274599e-01
1.810000000000000000e+03,3.037571352884878007e-01
1.811000000000000000e+03,3.034767440866830701e-01
1.812000000000000000e+03,3.032898166188132127e-01
1.813000000000000000e+03,3.031963528848782841e-01
1.814000000000000000e+03,3.031963528848782841e-01
1.815000000000000000e+03,3.031963528848782841e-01
1.816000000000000000e+03,3.031028891509434109e-01
1.817000000000000000e+03,3.031028891509434109e-01
1.818000000000000000e+03,3.032898166188132127e-01
1.819000000000000000e+03,3.029159616830735535e-01
1.820000000000000000e+03,3.025421067473338388e-01
1.821000000000000000e+03,3.023551792794640369e-01
1.822000000000000000e+03,3.021682518115941796e-01
1.823000000000000000e+03,3.024486430133989656e-01
1.824000000000000000e+03,3.027290342152036962e-01
1.825000000000000000e+03,3.034767440866830701e-01
1.826000000000000000e+03,3.046917726278370320e-01
1.827000000000000000e+03,3.070283659762099715e-01
1.828000000000000000e+03,3.102061329299972137e-01
1.829000000000000000e+03,3.128231174801749948e-01
1.830000000000000000e+03,3.160943481678971656e-01
1.831000000000000000e+03,3.193655788556193365e-01
1.832000000000000000e+03,3.203936799289034409e-01
1.833000000000000000e+03,3.232910556808859526e-01
1.834000000000000000e+03,3.263753589007382661e-01
1.835000000000000000e+03,3.287119522491112611e-01
1.836000000000000000e+03,3.294596621205906350e-01
1.837000000000000000e+03,3.299269807902652230e-01
1.838000000000000000e+03,3.303942994599398109e-01
1.839000000000000000e+03,3.303942994599398109e-01
1.840000000000000000e+03,3.303008357260048822e-01
1.841000000000000000e+03,3.303008357260048822e-01
1.842000000000000000e+03,3.286184885151763879e-01
1.843000000000000000e+03,3.269361413043478382e-01
1.844000000000000000e+03,3.265622863686081234e-01
1.845000000000000000e+03,3.263753589007382661e-01
1.846000000000000000e+03,3.260015039649986068e-01
1.847000000000000000e+03,3.255341852953240189e-01
1.848000000000000000e+03,3.252537940935192329e-01
1.849000000000000000e+03,3.250668666256494310e-01
1.850000000000000000e+03,3.246930116899097163e-01
1.851000000000000000e+03,3.249734028917145023e-01
1.852000000000000000e+03,3.252537940935192329e-01
1.853000000000000000e+03,3.254407215613890902e-01
1.854000000000000000e+03,3.257211127631938763e-01
1.855000000000000000e+03,3.259080402310636781e-01
1.856000000000000000e+03,3.260015039649986068e-01
1.857000000000000000e+03,3.260015039649986068e-01
1.858000000000000000e+03,3.260949676989335355e-01
1.859000000000000000e+03,3.261884314328684642e-01
1.860000000000000000e+03,3.262818951668033929e-01
1.861000000000000000e+03,3.260949676989335355e-01
1.862000000000000000e+03,3.260015039649986068e-01
1.863000000000000000e+03,3.259080402310636781e-01
1.864000000000000000e+03,3.259080402310636781e-01
1.865000000000000000e+03,3.259080402310636781e-01
1.866000000000000000e+03,3.256276490292588921e-01
1.867000000000000000e+03,3.253472578274542171e-01
1.868000000000000000e+03,3.255341852953240189e-01
1.869000000000000000e+03,3.255341852953240189e-01
1.870000000000000000e+03,3.254407215613890902e-01
1.871000000000000000e+03,3.256276490292588921e-01
1.872000000000000000e+03,3.256276490292588921e-01
1.873000000000000000e+03,3.255341852953240189e-01
1.874000000000000000e+03,3.257211127631938763e-01
1.875000000000000000e+03,3.257211127631938763e-01
1.876000000000000000e+03,3.258145764971288050e-01
1.877000000000000000e+03,3.260015039649986068e-01
1.878000000000000000e+03,3.258145764971288050e-01
1.879000000000000000e+03,3.258145764971288050e-01
1.880000000000000000e+03,3.258145764971288050e-01
1.881000000000000000e+03,3.256276490292588921e-01
1.882000000000000000e+03,3.259080402310636781e-01
1.883000000000000000e+03,3.261884314328684642e-01
1.884000000000000000e+03,3.262818951668033929e-01
1.885000000000000000e+03,3.263753589007382661e-01
1.886000000000000000e+03,3.262818951668033929e-01
1.887000000000000000e+03,3.264688226346731947e-01
1.888000000000000000e+03,3.264688226346731947e-01
1.889000000000000000e+03,3.263753589007382661e-01
1.890000000000000000e+03,3.263753589007382661e-01
1.891000000000000000e+03,3.263753589007382661e-01
1.892000000000000000e+03,3.264688226346731947e-01
1.893000000000000000e+03,3.263753589007382661e-01
1.894000000000000000e+03,3.266557501025430521e-01
1.895000000000000000e+03,3.266557501025430521e-01
1.896000000000000000e+03,3.268426775704128540e-01
1.897000000000000000e+03,3.268426775704128540e-01
1.898000000000000000e+03,3.269361413043478382e-01
1.899000000000000000e+03,3.268426775704128540e-01
1.900000000000000000e+03,3.270296050382827113e-01
1.901000000000000000e+03,3.269361413043478382e-01
1.902000000000000000e+03,3.271230687722176400e-01
1.903000000000000000e+03,3.271230687722176400e-01
1.904000000000000000e+03,3.271230687722176400e-01
1.905000000000000000e+03,3.269361413043478382e-01
1.906000000000000000e+03,3.272165325061525687e-01
1.907000000000000000e+03,3.269361413043478382e-01
1.908000000000000000e+03,3.269361413043478382e-01
1.909000000000000000e+03,3.269361413043478382e-01
1.910000000000000000e+03,3.269361413043478382e-01
1.911000000000000000e+03,3.270296050382827113e-01
1.912000000000000000e+03,3.267492138364779808e-01
1.913000000000000000e+03,3.265622863686081234e-01
1.914000000000000000e+03,3.261884314328684642e-01
1.915000000000000000e+03,3.260015039649986068e-01
1.916000000000000000e+03,3.258145764971288050e-01
1.917000000000000000e+03,3.258145764971288050e-01
1.918000000000000000e+03,3.256276490292588921e-01
1.919000000000000000e+03,3.255341852953240189e-01
1.920000000000000000e+03,3.254407215613890902e-01
1.921000000000000000e+03,3.253472578274542171e-01
1.922000000000000000e+03,3.254407215613890902e-01
1.923000000000000000e+03,3.255341852953240189e-01
1.924000000000000000e+03,3.255341852953240189e-01
1.925000000000000000e+03,3.254407215613890902e-01
1.926000000000000000e+03,3.253472578274542171e-01
1.927000000000000000e+03,3.250668666256494310e-01
1.928000000000000000e+03,3.248799391577795737e-01
1.929000000000000000e+03,3.246930116899097163e-01
1.930000000000000000e+03,3.245995479559748431e-01
1.931000000000000000e+03,3.245995479559748431e-01
1.932000000000000000e+03,3.245060842220399144e-01
1.933000000000000000e+03,3.244126204881049857e-01
1.934000000000000000e+03,3.241322292863002552e-01
1.935000000000000000e+03,3.242256930202351284e-01
1.936000000000000000e+03,3.236649106166256118e-01
1.937000000000000000e+03,3.234779831487558099e-01
1.938000000000000000e+03,3.234779831487558099e-01
1.939000000000000000e+03,3.230106644790812220e-01
1.940000000000000000e+03,3.230106644790812220e-01
1.941000000000000000e+03,3.231975919469510239e-01
1.942000000000000000e+03,3.230106644790812220e-01
1.943000000000000000e+03,3.228237370112113092e-01
1.944000000000000000e+03,3.228237370112113092e-01
1.945000000000000000e+03,3.227302732772764360e-01
1.946000000000000000e+03,3.231975919469510239e-01
1.947000000000000000e+03,3.233845194148208813e-01
1.948000000000000000e+03,3.234779831487558099e-01
1.949000000000000000e+03,3.231975919469510239e-01
1.950000000000000000e+03,3.231041282130160952e-01
1.951000000000000000e+03,3.229172007451462934e-01
1.952000000000000000e+03,3.231975919469510239e-01
1.953000000000000000e+03,3.232910556808859526e-01
1.954000000000000000e+03,3.233845194148208813e-01
1.955000000000000000e+03,3.233845194148208813e-01
1.956000000000000000e+03,3.236649106166256118e-01
1.957000000000000000e+03,3.237583743505605405e-01
1.958000000000000000e+03,3.239453018184303978e-01
1.959000000000000000e+03,3.239453018184303978e-01
1.960000000000000000e+03,3.240387655523652710e-01
1.961000000000000000e+03,3.241322292863002552e-01
1.962000000000000000e+03,3.241322292863002552e-01
1.963000000000000000e+03,3.242256930202351284e-01
1.964000000000000000e+03,3.244126204881049857e-01
1.965000000000000000e+03,3.247864754238446450e-01
1.966000000000000000e+03,3.246930116899097163e-01
1.967000000000000000e+03,3.247864754238446450e-01
1.968000000000000000e+03,3.247864754238446450e-01
1.969000000000000000e+03,3.246930116899097163e-01
1.970000000000000000e+03,3.248799391577795737e-01
1.971000000000000000e+03,3.248799391577795737e-01
1.972000000000000000e+03,3.250668666256494310e-01
1.973000000000000000e+03,3.248799391577795737e-01
1.974000000000000000e+03,3.247864754238446450e-01
1.975000000000000000e+03,3.246930116899097163e-01
1.976000000000000000e+03,3.250668666256494310e-01
1.977000000000000000e+03,3.249734028917145023e-01
1.978000000000000000e+03,3.250668666256494310e-01
1.979000000000000000e+03,3.250668666256494310e-01
1.980000000000000000e+03,3.250668666256494310e-01
1.981000000000000000e+03,3.251603303595843042e-01
1.982000000000000000e+03,3.249734028917145023e-01
1.983000000000000000e+03,3.249734028917145023e-01
1.984000000000000000e+03,3.247864754238446450e-01
1.985000000000000000e+03,3.246930116899097163e-01
1.986000000000000000e+03,3.246930116899097163e-01
1.987000000000000000e+03,3.244126204881049857e-01
1.988000000000000000e+03,3.243191567541700571e-01
1.989000000000000000e+03,3.242256930202351284e-01
1.990000000000000000e+03,3.243191567541700571e-01
1.991000000000000000e+03,3.243191567541700571e-01
1.992000000000000000e+03,3.242256930202351284e-01
1.993000000000000000e+03,3.242256930202351284e-01
1.994000000000000000e+03,3.241322292863002552e-01
1.995000000000000000e+03,3.239453018184303978e-01
1.996000000000000000e+03,3.241322292863002552e-01
1.997000000000000000e+03,3.240387655523652710e-01
1.998000000000000000e+03,3.240387655523652710e-01
1.999000000000000000e+03,3.240387655523652710e-01
2.000000000000000000e+03,3.240387655523652710e-01
2.001000000000000000e+03,3.240387655523652710e-01
2.002000000000000000e+03,3.241322292863002552e-01
2.003000000000000000e+03,3.242256930202351284e-01
2.004000000000000000e+03,3.242256930202351284e-01
2.005000000000000000e+03,3.242256930202351284e-01
2.006000000000000000e+03,3.241322292863002552e-01
2.007000000000000000e+03,3.242256930202351284e-01
2.008000000000000000e+03,3.242256930202351284e-01
2.009000000000000000e+03,3.241322292863002552e-01
2.010000000000000000e+03,3.239453018184303978e-01
2.011000000000000000e+03,3.241322292863002552e-01
2.012000000000000000e+03,3.239453018184303978e-01
2.013000000000000000e+03,3.236649106166256118e-01
2.014000000000000000e+03,3.232910556808859526e-01
2.015000000000000000e+03,3.233845194148208813e-01
2.016000000000000000e+03,3.234779831487558099e-01
2.017000000000000000e+03,3.234779831487558099e-01
2.018000000000000000e+03,3.233845194148208813e-01
2.019000000000000000e+03,3.233845194148208813e-01
2.020000000000000000e+03,3.232910556808859526e-01
